id_estudiante,edad,sexo,semestre,estrato,trabaja,horas_trabajo_semana,beca,acceso_internet,promedio_acumulado,asistencia,horas_estudio_semana,talleres_entregados,proyectos_entregados,horas_programacion,participacion_clase,horas_sueno,uso_redes_sociales,nivel_estres,uso_herramientas_IA,aprueba_asignatura
1,22,Masculino,8,1,No,0,Sí,Sí,3.97,91.6,17.1,100.0,100.0,11.8,6.9,6.6,1.3,3,6.3,Sí
2,35,Masculino,4,1,No,0,No,Sí,4.22,87.9,11.1,89.1,100.0,8.4,8.4,7.9,5.5,1,1.7,Sí
3,30,Masculino,2,3,No,0,No,Sí,3.69,86.1,8.0,86.3,83.5,3.6,8.6,6.4,3.9,4,5.0,Sí
4,26,Masculino,6,3,Sí,24,Sí,Sí,4.33,97.6,18.8,99.0,94.3,13.7,8.5,7.6,2.0,3,7.0,Sí
5,23,Masculino,9,1,Sí,27,Sí,Sí,3.32,70.8,12.7,74.4,57.4,7.2,7.5,4.8,2.3,6,6.7,No
6,22,Masculino,1,3,Sí,37,No,Sí,3.19,70.1,4.2,58.9,55.9,2.0,9.1,7.4,4.4,7,9.9,No
7,34,Masculino,10,1,Sí,32,Sí,Sí,4.23,85.1,11.5,87.6,72.8,7.0,7.4,9.3,5.7,4,6.8,Sí
8,26,Masculino,7,4,No,0,Sí,Sí,3.11,83.7,2.4,85.9,82.3,1.3,9.9,5.7,3.2,8,2.3,Sí
9,26,Masculino,10,3,No,0,No,Sí,3.7,71.8,10.5,73.5,86.6,4.6,7.8,8.5,2.6,3,1.8,Sí
10,19,Masculino,9,1,No,0,No,Sí,4.37,92.2,9.5,93.5,80.5,7.2,7.6,7.6,1.3,4,5.1,Sí
11,23,Femenino,10,3,No,0,No,Sí,3.78,50.3,16.5,51.1,48.6,12.9,4.6,7.8,2.6,2,5.3,No
12,18,Masculino,9,3,Sí,16,No,Sí,3.42,71.8,7.6,55.0,63.6,6.0,7.6,7.6,1.7,4,3.9,No
13,17,Femenino,10,6,No,0,No,Sí,2.82,41.6,10.0,35.8,28.1,5.3,6.1,6.0,1.7,4,6.5,No
14,27,Femenino,3,3,Sí,47,No,Sí,3.3,80.3,7.1,87.1,91.2,2.9,9.0,5.2,5.6,8,0.0,No
15,21,Masculino,5,2,Sí,20,Sí,Sí,3.9,75.9,5.8,84.6,92.7,4.6,6.8,7.4,2.8,3,4.1,Sí
16,17,Masculino,8,4,No,0,No,Sí,3.04,53.8,9.6,50.4,51.2,4.8,5.9,6.7,3.2,4,0.4,No
17,16,Masculino,8,2,Sí,40,Sí,Sí,3.55,98.1,5.7,90.5,91.5,4.2,6.5,5.1,3.7,6,3.5,Sí
18,27,Masculino,4,5,Sí,34,No,Sí,3.25,76.6,5.2,82.3,71.3,4.1,8.8,6.3,2.7,8,4.3,Sí
19,27,Femenino,1,3,Sí,33,No,Sí,2.46,64.4,4.4,66.6,62.6,3.3,5.6,5.5,3.1,9,7.1,No
20,32,Masculino,1,3,No,0,No,No,4.41,64.2,25.2,63.2,64.8,13.5,5.2,9.1,3.0,2,2.6,Sí
21,25,Masculino,4,1,No,0,No,Sí,3.66,96.9,12.1,100.0,81.0,10.5,9.4,7.8,2.4,4,4.7,Sí
22,31,Masculino,6,3,Sí,31,No,Sí,3.66,65.2,20.8,55.8,33.3,14.5,5.1,5.6,3.4,7,4.0,No
23,30,Masculino,8,4,No,0,No,Sí,4.44,64.5,33.0,73.7,72.2,21.3,6.3,7.4,2.9,3,4.8,Sí
24,30,Femenino,6,4,Sí,42,No,Sí,2.35,74.4,2.4,62.4,66.2,1.7,8.8,5.4,3.1,2,4.2,No
25,34,Masculino,9,2,Sí,17,No,Sí,3.76,77.3,35.0,70.7,71.6,11.4,5.4,4.6,3.0,5,4.5,Sí
26,27,Masculino,9,2,No,0,No,Sí,2.67,73.5,11.1,65.2,49.0,5.9,7.3,6.0,8.0,5,3.7,No
27,35,Masculino,2,4,No,0,No,Sí,2.87,65.8,6.6,61.1,72.2,5.5,6.4,6.6,4.9,4,5.7,No
28,18,Femenino,10,5,No,0,No,Sí,3.81,95.3,5.1,97.7,98.8,2.0,10.0,7.3,4.4,2,7.2,Sí
29,20,Masculino,1,2,Sí,32,No,Sí,4.32,77.3,19.3,82.7,92.4,10.6,7.6,7.8,3.8,7,5.1,Sí
30,34,Masculino,2,3,No,0,Sí,Sí,3.5,75.7,11.7,75.0,68.6,6.4,8.8,6.4,3.7,7,9.0,Sí
31,22,Femenino,5,3,No,0,No,Sí,3.94,85.6,17.6,75.4,78.0,9.1,10.0,7.6,2.6,6,5.2,Sí
32,24,Masculino,4,5,No,0,No,Sí,2.83,50.4,8.1,34.4,39.6,5.2,6.3,4.9,5.3,3,6.6,No
33,22,Femenino,4,2,Sí,25,No,Sí,4.04,75.6,10.1,82.4,92.4,9.0,6.7,8.6,3.5,2,3.5,Sí
34,33,Femenino,9,2,No,0,No,Sí,3.3,74.5,4.6,80.3,89.5,2.1,9.8,4.9,4.0,5,4.8,Sí
35,19,Femenino,8,4,No,0,No,Sí,3.82,95.1,6.3,100.0,92.0,4.6,8.2,6.2,2.6,6,4.4,Sí
36,29,Femenino,6,1,Sí,31,Sí,Sí,3.69,65.3,19.6,64.2,63.1,14.8,7.5,6.0,1.9,3,2.6,Sí
37,33,Femenino,1,3,No,0,Sí,Sí,2.85,87.5,3.8,92.9,87.6,2.5,10.0,5.1,5.3,2,3.5,Sí
38,24,Femenino,2,3,Sí,47,No,Sí,4.49,96.4,16.7,91.3,92.7,6.0,10.0,7.2,3.2,4,5.7,Sí
39,17,Femenino,6,3,No,0,Sí,Sí,4.07,76.9,16.6,80.8,66.4,10.7,9.0,8.8,2.4,5,7.6,Sí
40,35,Femenino,2,3,No,0,No,Sí,3.24,86.4,9.5,82.6,66.7,8.3,7.8,4.6,3.6,2,6.1,Sí
41,30,Masculino,10,3,No,0,No,Sí,3.32,94.0,19.3,87.5,100.0,9.7,10.0,4.0,2.9,3,5.7,Sí
42,22,Masculino,5,2,No,0,No,Sí,2.52,52.0,13.9,53.8,73.2,9.5,5.1,5.8,6.5,7,3.3,No
43,27,Masculino,5,3,No,0,No,Sí,3.76,84.0,6.2,85.5,97.1,5.4,9.8,6.5,2.5,1,6.0,Sí
44,23,Masculino,6,4,Sí,19,Sí,Sí,3.8,94.5,7.7,100.0,100.0,6.0,9.8,7.7,3.8,4,3.7,Sí
45,30,Masculino,6,4,Sí,48,No,Sí,3.7,82.7,11.5,72.4,80.2,8.2,10.0,6.2,5.2,6,2.7,Sí
46,18,Masculino,6,2,No,0,No,Sí,3.53,72.5,10.3,80.0,87.7,9.1,7.4,4.6,4.2,4,3.2,Sí
47,29,Masculino,2,2,Sí,36,No,Sí,3.65,90.4,17.8,91.4,100.0,7.2,10.0,8.3,3.9,5,4.8,Sí
48,32,Femenino,10,2,Sí,36,Sí,Sí,2.83,69.8,6.0,78.4,73.5,4.6,6.3,5.7,2.3,6,3.9,No
49,19,Femenino,3,3,No,0,No,Sí,3.83,87.9,5.1,96.4,88.8,2.8,10.0,7.6,3.2,1,5.6,Sí
50,33,Masculino,6,3,Sí,14,Sí,Sí,3.0,51.7,2.8,32.2,32.0,1.5,2.7,5.4,3.8,3,4.2,No
51,23,Masculino,8,4,Sí,16,No,Sí,2.8,58.6,5.2,67.0,72.9,3.2,6.8,6.6,3.3,4,5.6,No
52,19,Femenino,1,1,No,0,Sí,Sí,3.86,89.1,17.3,97.9,95.3,5.5,9.4,7.2,6.3,6,4.4,Sí
53,17,Masculino,1,1,Sí,38,Sí,Sí,3.24,62.4,21.9,52.3,46.8,10.7,6.5,5.8,2.8,5,4.9,No
54,21,Femenino,2,3,No,0,Sí,Sí,4.06,72.5,22.8,60.0,74.3,9.1,4.7,7.3,3.1,1,3.0,Sí
55,25,Masculino,6,4,No,0,No,Sí,3.43,88.4,9.9,94.6,86.2,3.8,8.3,6.4,10.0,2,7.9,Sí
56,19,Masculino,9,2,No,0,No,Sí,3.7,86.3,14.3,87.2,100.0,7.2,10.0,6.3,4.6,2,1.7,Sí
57,33,Femenino,4,4,Sí,21,No,Sí,5.0,98.7,16.2,93.6,100.0,12.7,8.9,8.6,1.9,2,10.0,Sí
58,27,Masculino,3,2,No,0,No,Sí,4.53,86.6,21.1,98.1,100.0,8.9,7.0,7.2,3.9,1,5.9,Sí
59,17,Femenino,8,5,No,0,No,Sí,3.18,53.4,15.4,55.9,77.7,9.5,4.1,7.4,4.5,6,1.9,No
60,25,Femenino,10,5,No,0,No,Sí,3.91,75.0,17.9,58.3,62.0,13.4,9.0,7.7,2.0,5,5.2,Sí
61,19,Masculino,9,2,Sí,12,No,Sí,3.99,59.7,22.7,51.6,72.4,10.1,6.6,7.5,2.6,4,5.4,No
62,29,Femenino,5,2,No,0,Sí,Sí,4.23,89.2,17.5,97.6,100.0,14.9,10.0,7.2,1.7,4,8.0,Sí
63,31,Femenino,9,3,No,0,No,Sí,3.54,76.7,5.0,77.0,80.9,4.1,8.6,8.3,3.5,5,2.3,Sí
64,30,Masculino,2,2,No,0,No,Sí,2.91,71.5,1.0,65.7,67.7,0.5,6.2,5.7,1.3,3,2.3,No
65,23,Femenino,3,4,No,0,No,Sí,3.86,70.4,12.4,74.0,69.6,11.1,9.3,7.0,2.0,2,5.7,Sí
66,29,Masculino,7,4,No,0,No,Sí,3.08,54.0,12.9,49.1,56.7,9.1,4.7,6.4,1.5,5,5.4,No
67,23,Femenino,7,4,No,0,Sí,Sí,3.63,82.5,12.0,72.5,84.0,5.6,7.3,7.0,3.5,2,7.9,Sí
68,31,Femenino,6,4,Sí,30,Sí,Sí,3.86,81.7,17.5,89.8,75.9,12.4,8.6,6.0,2.5,5,3.0,Sí
69,28,Masculino,6,3,No,0,No,No,3.77,95.5,15.4,100.0,100.0,10.8,10.0,4.9,3.7,5,2.8,Sí
70,33,Femenino,2,2,Sí,18,Sí,Sí,4.21,83.0,20.4,86.9,100.0,13.6,9.4,7.8,1.2,6,8.7,Sí
71,30,Femenino,10,4,Sí,22,Sí,Sí,3.64,78.7,9.3,66.5,60.6,6.8,7.5,9.7,2.0,3,4.9,No
72,28,Femenino,6,3,Sí,37,Sí,Sí,4.33,81.7,26.2,96.5,100.0,12.1,9.9,8.1,4.5,5,3.5,Sí
73,24,Femenino,4,4,No,0,No,Sí,3.27,79.0,5.1,93.5,93.1,4.5,7.2,7.8,1.7,1,6.4,Sí
74,30,Femenino,3,2,Sí,26,Sí,Sí,4.0,89.7,9.7,99.9,100.0,7.9,7.7,7.1,5.0,4,0.9,Sí
75,28,Masculino,2,2,No,0,No,Sí,3.22,58.8,10.3,61.2,59.8,7.7,3.6,6.6,2.8,1,5.8,No
76,16,Femenino,1,6,No,0,No,Sí,4.01,88.3,15.1,89.0,94.2,4.8,8.6,6.7,2.0,3,3.7,Sí
77,22,Masculino,5,2,Sí,10,No,Sí,3.69,97.9,6.5,100.0,89.3,4.3,10.0,6.7,2.0,4,4.0,Sí
78,24,Masculino,2,6,Sí,27,Sí,Sí,3.32,76.0,3.2,66.8,88.7,2.3,8.5,6.0,3.3,2,7.6,Sí
79,16,Femenino,2,6,Sí,18,No,Sí,2.65,66.2,13.3,61.9,51.9,10.8,7.1,4.8,9.0,3,5.9,No
80,27,Masculino,7,4,No,0,No,Sí,3.94,95.7,6.8,91.0,96.5,5.9,9.1,7.0,10.0,4,2.7,Sí
81,23,Masculino,8,4,No,0,No,Sí,3.51,80.1,11.5,84.9,78.2,9.8,9.6,6.5,1.5,5,5.1,Sí
82,26,Masculino,10,3,No,0,No,Sí,3.48,67.3,6.1,69.3,67.8,3.3,6.9,8.2,4.2,7,5.2,No
83,34,Masculino,8,5,Sí,42,No,Sí,2.91,78.0,7.2,70.4,75.0,6.0,8.3,7.7,6.9,10,4.5,No
84,32,Femenino,4,2,No,0,Sí,Sí,2.42,48.8,8.8,36.1,37.1,2.6,3.5,4.4,1.6,8,3.1,No
85,23,Masculino,1,3,No,0,No,Sí,4.02,82.6,18.3,85.4,86.7,9.4,6.1,8.9,2.2,6,5.5,Sí
86,18,Femenino,7,3,No,0,No,Sí,2.95,70.6,4.1,62.1,58.4,1.5,8.2,6.2,3.5,4,6.4,No
87,18,Masculino,1,3,No,0,Sí,Sí,3.64,95.7,5.1,85.6,78.7,4.2,10.0,6.4,3.1,7,5.9,Sí
88,16,Femenino,4,3,Sí,29,No,Sí,3.76,73.4,18.0,90.2,96.8,15.5,7.9,4.8,1.5,3,3.6,Sí
89,20,Masculino,8,3,Sí,20,No,Sí,3.11,52.2,5.8,70.7,62.1,2.6,6.3,7.1,4.4,2,4.7,No
90,25,Masculino,2,3,Sí,21,Sí,Sí,3.67,88.0,12.9,84.4,77.9,6.7,9.9,7.3,3.7,4,0.6,Sí
91,22,Femenino,6,4,Sí,27,Sí,Sí,4.4,89.4,18.7,74.8,68.4,16.6,9.1,8.9,4.8,4,8.2,Sí
92,24,Femenino,6,2,Sí,39,Sí,Sí,3.23,73.9,9.8,83.6,80.3,6.3,5.6,7.8,3.9,8,3.8,No
93,22,Masculino,9,5,Sí,46,No,Sí,4.02,92.4,13.4,95.1,80.9,8.0,10.0,6.2,3.9,8,4.0,Sí
94,24,Masculino,5,4,Sí,29,Sí,Sí,2.66,44.7,18.9,50.9,36.8,11.3,6.4,4.7,3.0,6,2.4,No
95,23,Masculino,10,4,No,0,Sí,Sí,3.35,83.9,7.8,78.8,84.3,5.6,9.1,6.1,5.5,2,6.7,Sí
96,27,Masculino,4,3,No,0,Sí,Sí,4.47,96.3,16.9,88.0,93.5,14.7,9.4,8.1,1.5,4,7.1,Sí
97,17,Femenino,5,4,No,0,No,Sí,3.35,76.3,14.5,74.4,77.5,7.5,8.2,6.3,1.7,6,3.9,Sí
98,16,Masculino,10,1,No,0,No,Sí,3.67,72.4,18.4,73.8,87.6,7.4,7.3,5.5,5.2,2,2.7,Sí
99,31,Masculino,5,4,Sí,20,No,Sí,4.51,77.7,27.2,71.9,63.1,11.2,9.4,7.0,2.6,3,5.0,Sí
100,20,Masculino,8,1,No,0,Sí,Sí,3.73,70.3,24.1,80.7,63.5,7.5,7.4,6.4,1.9,2,4.3,Sí
101,18,Masculino,10,5,Sí,34,No,Sí,3.11,75.9,6.3,62.0,69.9,4.0,8.6,6.3,4.6,3,6.5,No
102,27,Masculino,8,6,No,0,No,Sí,4.39,94.1,17.2,97.4,79.9,14.8,10.0,5.9,4.2,1,4.7,Sí
103,23,Masculino,2,2,Sí,41,No,Sí,4.13,98.2,11.8,99.2,97.8,8.6,10.0,6.9,1.1,5,4.6,Sí
104,18,Masculino,7,2,No,0,No,Sí,3.15,54.5,6.5,64.3,67.1,5.8,5.6,8.0,4.2,3,6.3,No
105,16,Masculino,8,4,Sí,10,No,Sí,3.34,86.5,6.1,78.8,99.4,5.2,7.0,7.4,2.2,9,1.8,Sí
106,18,Femenino,6,2,Sí,26,No,Sí,3.1,92.2,2.0,97.9,92.4,1.2,9.9,4.5,3.8,3,4.4,Sí
107,20,Masculino,5,5,No,0,Sí,Sí,3.53,56.1,17.2,60.0,55.2,10.2,6.8,8.7,2.9,8,5.4,No
108,30,Femenino,9,2,Sí,17,No,Sí,3.84,77.7,12.7,79.7,86.3,8.6,6.0,7.7,4.1,6,4.1,Sí
109,29,Masculino,3,2,No,0,No,Sí,3.88,93.8,8.5,86.7,92.7,3.1,10.0,7.2,3.0,3,5.6,Sí
110,18,Femenino,10,6,No,0,No,Sí,3.68,96.7,6.8,90.5,87.1,4.5,9.8,7.3,1.6,5,5.4,Sí
111,16,Femenino,4,4,No,0,No,Sí,4.5,94.4,27.1,92.1,93.9,15.7,6.8,7.5,1.3,5,6.8,Sí
112,20,Femenino,9,4,No,0,No,Sí,3.9,90.2,14.1,86.2,78.8,9.6,9.5,7.3,1.5,2,4.5,Sí
113,29,Femenino,6,3,No,0,Sí,Sí,3.4,57.8,20.2,67.8,72.3,12.9,7.6,5.6,1.7,5,0.9,No
114,22,Masculino,8,4,Sí,18,Sí,Sí,4.04,70.9,8.4,72.0,56.1,4.1,7.2,7.4,3.7,3,1.9,No
115,24,Masculino,7,3,No,0,No,Sí,3.84,82.2,1.0,88.6,100.0,0.7,5.9,7.0,4.9,5,5.9,Sí
116,30,Masculino,2,3,No,0,No,No,3.72,64.6,17.3,53.0,60.2,9.0,7.0,7.3,2.6,5,5.4,No
117,30,Masculino,3,4,No,0,Sí,Sí,2.97,70.1,9.6,55.4,44.4,4.0,8.5,6.0,1.9,3,4.5,No
118,25,Masculino,1,3,Sí,11,Sí,Sí,3.44,60.0,3.4,58.6,55.9,2.4,5.1,8.1,3.1,4,4.7,No
119,28,Masculino,9,3,No,0,No,Sí,3.65,91.0,2.5,80.8,70.2,1.2,8.9,6.1,1.1,5,3.7,Sí
120,34,Femenino,7,2,No,0,No,Sí,4.72,96.1,15.0,96.4,88.2,12.5,9.3,6.7,4.1,4,3.7,Sí
121,22,Masculino,1,4,No,0,No,Sí,3.67,90.9,12.0,84.1,86.2,5.0,9.3,6.2,2.9,7,3.9,Sí
122,32,Femenino,3,2,Sí,34,No,Sí,3.38,85.9,14.0,88.3,100.0,9.3,8.2,5.6,3.1,9,4.4,Sí
123,35,Femenino,4,4,Sí,25,No,Sí,3.81,93.4,8.8,87.2,86.2,5.6,10.0,7.7,2.3,2,5.2,Sí
124,19,Femenino,4,2,Sí,24,No,Sí,4.37,91.9,19.5,96.4,77.5,8.2,10.0,6.2,2.2,2,4.8,Sí
125,20,Masculino,5,3,No,0,No,Sí,4.09,99.7,11.8,92.6,86.5,6.6,9.3,7.0,1.3,4,4.3,Sí
126,22,Masculino,3,4,No,0,No,Sí,3.53,70.7,21.6,55.8,50.3,15.3,8.8,5.1,4.6,3,6.4,Sí
127,28,Masculino,3,2,No,0,No,Sí,3.23,87.2,5.5,94.0,94.9,2.7,6.8,4.6,1.6,3,6.7,Sí
128,30,Masculino,1,1,Sí,38,No,Sí,4.53,92.0,11.9,85.8,84.4,4.4,8.3,8.9,2.1,10,7.7,Sí
129,26,Femenino,7,2,Sí,33,No,Sí,3.47,60.4,11.2,71.4,49.4,7.5,6.9,8.7,1.9,6,4.6,No
130,19,Masculino,10,3,No,0,No,Sí,2.83,51.5,6.4,46.4,37.1,2.8,5.3,6.1,4.6,7,4.0,No
131,28,Femenino,1,4,No,0,Sí,Sí,3.48,44.1,13.9,37.5,26.4,9.9,4.7,7.3,2.2,1,4.9,No
132,22,Masculino,2,1,No,0,Sí,Sí,2.85,91.1,3.4,88.9,97.9,2.7,9.7,6.3,4.9,4,3.9,No
133,34,Femenino,4,4,Sí,43,Sí,Sí,4.16,82.7,8.4,78.2,75.4,3.1,7.8,7.6,4.0,5,5.0,Sí
134,17,Femenino,4,3,No,0,Sí,Sí,3.34,88.6,12.8,89.6,69.6,7.2,10.0,5.5,1.9,2,5.8,Sí
135,25,Masculino,5,3,Sí,36,Sí,Sí,3.05,86.7,5.4,89.9,81.2,3.0,9.6,5.4,2.9,6,5.2,Sí
136,28,Masculino,2,5,No,0,No,Sí,3.74,94.2,10.5,98.7,100.0,7.1,9.4,6.8,1.3,7,4.7,Sí
137,21,Masculino,4,3,Sí,44,No,Sí,3.87,85.6,19.1,84.9,78.9,9.5,9.8,7.3,3.7,4,6.3,Sí
138,27,Masculino,1,3,No,0,No,No,3.49,77.4,10.9,65.4,58.6,6.0,8.4,6.0,2.2,3,8.4,No
139,27,Masculino,2,1,Sí,17,Sí,No,3.06,68.3,10.6,82.1,80.4,3.2,6.6,5.2,1.8,3,3.6,Sí
140,35,Masculino,1,2,No,0,No,Sí,3.91,50.6,15.5,47.6,49.9,5.8,4.8,8.3,2.6,2,5.7,No
141,26,Masculino,10,2,No,0,No,Sí,3.35,73.3,4.5,69.9,68.5,2.9,6.0,6.2,2.4,5,4.6,No
142,22,Masculino,10,1,No,0,No,Sí,3.36,90.0,3.1,89.3,99.6,1.3,8.4,6.3,3.5,2,3.3,Sí
143,16,Masculino,4,3,Sí,23,No,Sí,3.73,95.7,14.7,93.6,92.2,5.7,9.4,8.3,7.8,6,3.6,Sí
144,16,Femenino,4,3,Sí,38,Sí,Sí,3.79,83.2,14.8,69.2,76.0,7.3,8.5,9.5,5.8,8,4.2,No
145,35,Masculino,7,3,Sí,10,Sí,Sí,3.83,92.5,11.1,97.1,99.0,4.4,8.2,7.2,1.7,2,8.1,Sí
146,28,Femenino,10,2,No,0,No,Sí,4.3,99.3,28.1,92.7,79.8,9.4,10.0,7.9,6.5,2,6.9,Sí
147,24,Masculino,9,2,Sí,41,Sí,Sí,3.75,95.0,3.7,92.4,100.0,1.8,8.9,5.4,3.1,2,3.2,Sí
148,18,Masculino,9,4,No,0,No,Sí,3.28,67.2,4.7,81.3,92.9,1.9,6.0,7.7,0.8,5,6.1,Sí
149,22,Femenino,5,6,No,0,No,Sí,4.03,93.5,7.1,100.0,94.3,5.5,10.0,7.8,2.7,4,3.1,Sí
150,21,Masculino,10,1,No,0,Sí,Sí,3.66,69.3,20.4,82.2,81.1,6.9,7.2,5.7,1.4,4,3.7,Sí
151,23,Masculino,1,5,Sí,48,Sí,Sí,4.08,90.3,15.6,84.9,91.0,11.7,9.0,6.2,2.4,10,7.6,Sí
152,24,Masculino,1,3,No,0,No,Sí,4.66,86.8,30.8,92.7,94.5,16.3,9.4,8.3,7.8,4,9.0,Sí
153,20,Masculino,6,3,Sí,41,No,Sí,3.29,62.1,5.7,65.3,66.4,4.0,4.8,6.5,1.6,3,1.2,Sí
154,16,Masculino,2,3,No,0,No,No,3.88,40.0,9.9,39.6,44.6,3.3,2.6,8.5,1.5,1,5.1,No
155,34,Masculino,8,1,No,0,Sí,Sí,3.95,86.1,17.5,80.1,83.6,14.9,8.2,6.8,2.9,2,5.8,Sí
156,25,Femenino,9,2,Sí,11,Sí,Sí,3.56,90.2,3.4,98.9,100.0,2.6,8.9,6.8,2.0,4,4.5,Sí
157,27,Masculino,4,3,Sí,28,Sí,Sí,3.98,71.5,12.0,67.4,68.3,4.6,8.1,8.0,2.6,1,5.3,Sí
158,30,Masculino,5,3,No,0,Sí,Sí,4.17,62.7,19.3,63.8,70.1,8.3,5.5,9.3,3.2,4,4.2,Sí
159,24,Masculino,8,5,No,0,No,Sí,3.99,71.9,24.7,79.2,81.3,17.0,6.5,7.6,1.4,4,6.3,Sí
160,35,Femenino,3,3,Sí,20,Sí,Sí,3.28,59.3,9.3,51.5,53.8,7.9,7.2,7.0,3.4,3,4.3,No
161,32,Masculino,5,2,No,0,No,Sí,3.57,62.5,9.9,53.8,67.5,5.6,4.9,8.3,2.1,4,6.1,No
162,32,Masculino,3,4,Sí,24,No,Sí,3.31,44.3,2.0,64.5,68.8,1.2,5.7,8.4,5.1,6,7.0,No
163,35,Masculino,10,2,Sí,19,Sí,Sí,3.79,76.2,6.2,69.3,72.6,2.7,7.6,7.4,1.9,2,6.7,Sí
164,27,Femenino,3,3,No,0,No,Sí,3.84,77.1,8.5,90.0,81.2,4.5,6.8,7.3,2.1,5,4.6,Sí
165,22,Masculino,3,4,No,0,No,Sí,3.72,98.0,8.8,97.6,89.2,4.1,8.5,7.6,1.9,10,0.5,Sí
166,17,Masculino,7,5,No,0,No,Sí,3.2,87.8,6.3,84.4,95.8,3.2,8.6,5.1,2.4,4,6.0,Sí
167,18,Masculino,7,4,Sí,10,No,Sí,3.53,81.9,11.4,79.3,85.0,3.6,9.0,5.5,1.5,2,2.1,Sí
168,32,Femenino,7,4,No,0,No,Sí,3.45,66.4,11.7,65.9,75.1,3.8,6.6,7.1,3.9,6,5.9,No
169,20,Masculino,10,4,Sí,40,No,Sí,4.07,95.9,8.4,100.0,100.0,6.0,10.0,5.9,2.3,5,5.8,Sí
170,32,Masculino,8,5,Sí,19,No,Sí,3.26,83.7,10.0,89.8,93.8,7.1,9.4,6.8,4.5,4,4.6,Sí
171,32,Femenino,5,2,No,0,No,Sí,4.57,97.9,11.3,96.2,94.7,5.6,10.0,7.0,3.1,2,5.1,Sí
172,32,Femenino,5,1,Sí,38,No,Sí,3.39,68.7,15.2,53.7,53.5,12.6,7.9,5.6,7.1,6,7.9,No
173,17,Masculino,4,2,No,0,No,Sí,3.76,74.3,8.1,74.5,70.3,3.7,6.8,7.5,2.6,5,7.6,Sí
174,17,Femenino,7,2,No,0,No,Sí,3.69,83.5,10.7,84.6,97.9,5.7,9.3,4.5,2.5,2,4.3,Sí
175,20,Masculino,10,4,Sí,48,No,Sí,3.08,84.8,3.2,94.9,87.8,2.3,10.0,6.4,4.0,8,1.2,No
176,16,Masculino,4,3,Sí,15,No,Sí,3.4,79.3,11.1,67.5,70.6,8.3,9.1,5.0,1.1,5,8.1,Sí
177,16,Masculino,2,3,Sí,21,Sí,Sí,4.24,64.1,31.7,60.1,58.6,25.9,5.9,6.4,2.4,6,1.8,Sí
178,34,Femenino,4,1,Sí,23,No,No,4.22,79.7,22.3,75.5,85.0,7.1,7.3,7.9,2.9,1,5.2,Sí
179,17,Masculino,8,4,No,0,No,Sí,3.35,78.8,10.1,78.3,80.6,4.1,8.0,5.9,4.3,6,4.9,Sí
180,27,Masculino,9,3,No,0,No,Sí,3.25,81.1,14.0,81.9,86.5,9.6,9.0,4.4,4.8,2,5.9,Sí
181,21,Masculino,3,4,Sí,24,No,Sí,3.62,86.1,6.2,89.6,91.7,3.1,8.8,6.5,5.3,4,7.6,Sí
182,19,Femenino,7,3,Sí,40,No,Sí,3.34,78.8,8.3,63.6,53.7,2.7,6.6,5.8,2.6,4,5.1,No
183,26,Masculino,9,3,No,0,No,Sí,3.74,97.4,6.3,98.8,100.0,4.1,10.0,6.8,2.1,4,4.0,Sí
184,32,Masculino,4,2,No,0,Sí,Sí,3.22,63.0,12.6,65.0,64.0,6.8,7.4,6.5,3.1,2,5.6,Sí
185,21,Masculino,10,2,Sí,19,No,Sí,3.27,63.1,17.0,63.7,56.1,8.8,5.3,7.0,2.6,8,2.3,No
186,20,Masculino,3,4,Sí,48,No,Sí,3.58,76.8,12.3,75.3,61.2,5.6,8.8,8.2,1.3,4,3.6,Sí
187,35,Masculino,5,5,No,0,No,Sí,3.59,70.4,12.4,43.0,34.9,3.8,7.2,6.3,3.3,2,4.6,No
188,17,Femenino,1,4,Sí,39,No,Sí,3.2,67.9,6.0,72.4,80.0,2.5,7.4,6.9,1.9,3,6.1,Sí
189,21,Masculino,3,2,Sí,46,No,Sí,3.31,84.2,3.2,76.4,94.1,1.9,9.0,6.4,2.7,6,7.8,Sí
190,26,Masculino,8,3,No,0,Sí,Sí,4.54,92.0,14.0,96.9,98.1,6.5,9.5,8.0,2.6,2,7.2,Sí
191,31,Femenino,8,4,No,0,Sí,Sí,4.13,96.9,21.7,100.0,90.0,17.9,9.2,7.0,8.8,3,6.8,Sí
192,31,Masculino,4,4,No,0,No,Sí,3.33,64.9,8.9,51.5,55.6,3.4,7.1,7.4,4.7,2,7.2,No
193,16,Masculino,2,2,No,0,Sí,Sí,3.21,68.3,2.8,72.9,83.7,2.3,6.9,7.7,4.1,4,6.2,No
194,24,Femenino,8,1,No,0,No,Sí,3.23,83.2,8.3,73.3,92.5,4.5,8.7,4.5,4.9,4,5.2,Sí
195,21,Masculino,8,4,Sí,13,No,Sí,3.85,88.1,9.4,87.7,100.0,4.4,8.5,7.7,2.5,2,3.0,Sí
196,31,Masculino,10,3,Sí,18,No,Sí,4.06,77.6,19.0,76.6,78.9,9.2,8.2,7.3,1.6,8,5.1,Sí
197,18,Masculino,4,2,Sí,48,Sí,No,3.42,70.1,16.4,76.2,81.9,8.2,7.0,6.0,1.0,10,1.7,Sí
198,35,Masculino,3,1,Sí,37,No,Sí,3.6,73.0,10.8,77.9,70.6,6.5,6.1,8.3,3.9,3,4.0,Sí
199,19,Masculino,2,3,No,0,No,Sí,4.14,80.0,21.9,82.1,90.1,11.2,8.6,8.0,4.0,2,5.1,Sí
200,34,Masculino,9,4,No,0,No,Sí,3.75,68.2,10.2,55.1,64.4,7.0,8.1,6.6,2.1,3,5.1,Sí
201,18,Masculino,1,5,No,0,No,Sí,3.34,92.4,9.0,72.3,47.3,5.0,9.7,4.3,2.2,3,3.7,No
202,34,Masculino,7,3,No,0,Sí,Sí,3.38,75.0,5.4,82.2,83.7,3.8,7.3,6.7,2.0,7,1.6,No
203,35,Femenino,5,3,Sí,39,No,Sí,3.16,65.4,6.0,71.4,86.3,4.0,7.0,5.6,2.0,5,3.9,No
204,22,Femenino,8,2,Sí,42,No,Sí,2.76,74.4,7.0,66.4,59.7,3.1,6.7,4.2,2.3,4,4.5,No
205,35,Masculino,4,3,No,0,No,Sí,3.45,81.2,10.0,84.0,62.7,7.9,9.1,7.5,3.6,2,5.4,No
206,24,Masculino,7,3,No,0,No,No,3.5,74.4,8.0,72.7,72.4,6.2,8.5,8.6,5.1,5,6.4,No
207,16,Femenino,5,3,No,0,No,Sí,3.58,41.7,20.4,50.4,61.2,18.2,4.1,6.7,3.0,3,4.4,No
208,23,Masculino,5,3,No,0,Sí,Sí,3.26,86.5,10.2,87.1,91.1,4.1,8.8,7.1,5.7,4,4.2,Sí
209,22,Masculino,9,2,No,0,Sí,Sí,3.3,82.4,9.6,89.6,89.8,7.8,7.0,8.4,9.8,5,3.7,No
210,33,Femenino,9,2,No,0,No,No,3.81,74.4,12.9,69.5,60.2,10.6,8.2,7.0,3.7,4,4.9,Sí
211,23,Masculino,9,3,Sí,15,No,Sí,3.16,70.8,14.3,73.1,62.1,9.8,6.8,6.1,2.9,6,6.9,No
212,16,Femenino,6,2,No,0,Sí,Sí,3.16,61.3,4.6,58.0,59.9,2.7,3.1,4.1,0.9,1,2.9,No
213,26,Femenino,6,2,No,0,No,Sí,4.54,90.9,8.8,85.9,85.3,7.7,9.2,7.8,4.1,4,1.1,Sí
214,33,Masculino,5,6,Sí,32,No,Sí,3.49,92.8,6.8,74.1,82.7,6.0,9.2,7.3,3.1,7,5.4,Sí
215,25,Masculino,9,3,No,0,No,Sí,4.05,76.2,9.3,83.6,88.0,6.4,6.4,7.9,3.1,4,7.4,Sí
216,18,Masculino,10,3,Sí,31,No,Sí,2.32,40.0,6.0,54.0,46.6,3.1,5.2,3.9,2.7,6,5.6,No
217,22,Femenino,8,5,No,0,No,Sí,4.26,93.0,18.3,81.9,84.5,14.5,8.8,9.3,2.4,7,3.0,Sí
218,31,Femenino,7,6,Sí,40,No,Sí,3.56,73.0,8.4,78.6,79.5,3.0,6.5,5.9,1.8,8,4.8,Sí
219,31,Femenino,7,3,No,0,No,Sí,4.06,86.8,12.3,92.0,75.3,5.8,10.0,8.1,4.5,3,5.1,Sí
220,35,Masculino,6,4,Sí,18,No,No,3.34,63.1,7.5,59.0,54.8,6.7,6.8,4.5,0.8,3,6.4,No
221,32,Femenino,5,3,No,0,No,Sí,3.95,85.8,6.1,79.9,80.5,4.8,7.4,5.9,3.7,5,3.3,Sí
222,17,Femenino,4,3,Sí,12,Sí,Sí,3.81,93.8,10.3,100.0,98.9,8.9,9.4,6.1,1.4,5,8.1,Sí
223,16,Femenino,3,3,Sí,44,Sí,Sí,3.37,84.7,10.2,93.3,96.5,6.7,7.6,5.6,5.7,8,4.2,Sí
224,31,Femenino,3,4,No,0,No,Sí,3.05,63.6,13.1,67.2,68.0,7.1,4.9,5.8,2.5,3,3.7,No
225,27,Femenino,6,4,No,0,No,Sí,3.19,40.0,10.5,35.8,39.2,9.3,2.4,8.7,4.0,1,5.6,No
226,20,Femenino,4,3,Sí,40,No,Sí,2.76,54.9,5.0,63.6,65.3,2.4,6.3,6.4,3.3,7,2.2,No
227,20,Masculino,6,2,Sí,43,No,Sí,3.93,97.8,3.4,91.1,90.9,2.6,8.9,9.4,5.5,6,9.1,Sí
228,24,Masculino,3,3,No,0,No,Sí,3.07,84.3,6.3,95.7,97.2,4.0,7.3,8.1,7.6,2,5.9,Sí
229,24,Masculino,4,2,No,0,No,Sí,3.38,78.8,7.1,91.8,88.2,3.1,7.6,4.4,5.4,4,4.4,Sí
230,18,Femenino,9,3,No,0,No,Sí,3.16,70.7,2.1,80.2,76.0,0.7,10.0,6.4,4.1,5,3.0,No
231,34,Masculino,5,4,Sí,41,No,Sí,3.64,72.7,19.4,75.5,76.5,10.3,7.9,6.3,2.6,10,4.6,No
232,31,Femenino,7,4,No,0,Sí,Sí,4.35,95.6,11.0,75.3,55.2,6.9,10.0,5.7,3.8,1,6.9,Sí
233,31,Femenino,10,4,Sí,30,No,Sí,4.15,93.7,4.9,92.2,88.5,2.0,8.3,8.3,5.0,5,4.2,Sí
234,18,Femenino,2,5,Sí,42,No,Sí,4.09,89.6,16.9,100.0,92.9,9.3,9.5,7.8,2.5,6,3.5,Sí
235,35,Masculino,5,3,No,0,No,Sí,3.97,85.8,16.7,93.3,85.0,11.2,8.6,9.4,3.1,10,6.4,Sí
236,16,Masculino,9,4,No,0,No,Sí,3.89,83.5,12.3,87.0,83.9,9.0,7.5,6.2,2.1,4,2.9,Sí
237,35,Masculino,3,3,No,0,No,Sí,3.85,54.5,21.4,49.1,35.7,7.1,5.2,7.3,4.6,5,5.5,No
238,26,Femenino,9,2,Sí,37,No,Sí,2.81,68.1,1.1,76.3,73.2,0.8,6.1,6.4,3.9,7,5.8,No
239,32,Femenino,6,1,Sí,40,No,Sí,3.94,89.5,10.1,76.9,79.2,3.4,9.1,6.3,1.6,5,5.8,Sí
240,23,Femenino,4,2,Sí,30,Sí,Sí,3.65,63.5,7.1,62.1,72.6,2.2,6.1,7.8,3.6,6,5.9,No
241,19,Masculino,7,3,No,0,No,Sí,4.4,79.3,17.2,93.2,100.0,6.7,7.2,9.4,2.7,6,3.1,Sí
242,21,Femenino,8,3,Sí,24,Sí,Sí,3.44,82.3,10.2,75.8,57.5,7.1,8.0,8.0,3.2,4,4.6,Sí
243,23,Femenino,6,4,Sí,23,No,Sí,3.73,79.4,16.5,84.3,74.9,5.5,9.0,7.9,2.1,3,4.5,Sí
244,35,Masculino,5,2,Sí,28,Sí,Sí,4.19,93.6,13.0,79.6,76.5,4.1,8.0,6.7,5.8,6,5.3,Sí
245,18,Femenino,6,2,No,0,No,Sí,3.83,71.8,15.2,66.5,67.9,5.6,6.5,7.8,2.2,4,1.4,No
246,31,Masculino,5,6,Sí,15,Sí,No,3.87,76.7,14.2,78.1,81.8,12.4,8.1,8.2,8.7,1,2.2,Sí
247,18,Masculino,8,2,No,0,Sí,Sí,3.59,58.4,23.8,61.2,55.1,20.1,5.1,5.8,3.2,8,9.3,No
248,33,Femenino,1,3,Sí,46,No,No,3.86,87.9,7.1,100.0,74.7,2.5,10.0,6.8,2.6,8,6.5,Sí
249,29,Masculino,7,3,No,0,No,Sí,3.37,80.6,9.1,76.6,87.0,4.4,9.5,6.4,3.8,2,4.6,Sí
250,33,Femenino,10,3,Sí,43,Sí,Sí,3.37,74.2,13.1,79.0,84.0,11.4,8.9,6.0,3.5,5,5.2,Sí
251,17,Femenino,10,2,No,0,No,Sí,3.47,77.4,17.8,81.9,89.0,6.4,8.5,8.0,8.1,4,9.0,Sí
252,18,Masculino,2,1,No,0,No,Sí,2.92,68.9,15.2,64.2,62.1,5.4,8.1,6.5,3.8,5,1.3,No
253,31,Masculino,9,2,Sí,27,No,Sí,3.86,72.1,12.9,79.7,83.2,4.5,7.2,7.4,1.2,3,5.2,Sí
254,24,Masculino,1,3,No,0,Sí,Sí,2.95,46.6,9.0,52.0,32.0,8.0,4.0,7.4,2.2,3,4.3,No
255,19,Masculino,10,3,No,0,No,Sí,3.69,70.8,12.9,68.7,58.0,9.6,6.5,6.5,4.5,4,7.5,Sí
256,16,Masculino,6,2,No,0,Sí,Sí,2.5,55.0,4.2,56.5,68.5,1.8,3.6,5.1,2.8,5,6.1,No
257,19,Masculino,9,3,No,0,No,Sí,2.81,57.6,7.5,49.9,50.2,2.5,5.3,6.4,2.3,2,9.3,No
258,16,Masculino,1,4,Sí,23,Sí,Sí,4.66,88.3,19.1,81.3,100.0,16.8,8.5,7.4,2.1,1,6.6,Sí
259,29,Masculino,4,1,Sí,37,No,Sí,3.65,62.8,18.7,62.7,52.9,10.4,6.1,7.2,1.9,9,4.1,No
260,31,Masculino,4,3,Sí,33,Sí,Sí,3.24,74.4,17.0,80.3,100.0,11.2,10.0,4.5,3.4,7,4.5,Sí
261,35,Femenino,9,4,Sí,22,No,Sí,3.8,58.8,21.0,56.2,83.1,9.8,5.0,7.8,2.2,3,6.4,No
262,23,Femenino,5,2,Sí,21,No,Sí,3.0,40.0,13.9,35.1,28.6,10.5,3.7,6.1,5.9,3,7.9,No
263,22,Masculino,5,3,Sí,28,Sí,Sí,4.75,92.8,17.8,91.0,86.4,7.4,10.0,7.5,2.0,2,3.6,Sí
264,18,Masculino,6,3,Sí,30,Sí,Sí,4.13,55.3,24.6,61.9,74.4,19.0,4.7,7.8,1.6,2,5.5,Sí
265,32,Femenino,1,5,No,0,No,Sí,4.01,87.3,8.8,76.4,70.8,3.9,7.5,7.4,3.0,1,1.1,Sí
266,16,Femenino,1,4,Sí,28,No,Sí,3.9,81.8,5.3,88.7,86.0,1.9,7.9,9.1,1.1,1,4.4,Sí
267,31,Femenino,9,3,Sí,33,No,Sí,3.76,93.8,5.5,97.9,90.5,3.2,8.5,8.0,0.9,8,8.5,Sí
268,27,Femenino,3,4,No,0,No,Sí,2.33,43.0,17.6,32.2,25.1,13.9,5.6,6.3,4.1,3,8.0,No
269,34,Masculino,4,3,Sí,37,No,Sí,4.18,93.3,35.0,91.5,92.6,18.6,9.5,6.4,3.1,10,6.5,Sí
270,29,Masculino,1,4,Sí,27,No,Sí,3.81,88.5,19.0,93.6,90.9,6.0,7.5,6.7,1.1,5,8.6,Sí
271,21,Masculino,9,3,Sí,45,Sí,Sí,2.55,45.3,6.2,30.0,9.2,3.9,4.9,6.4,3.1,3,4.5,No
272,21,Masculino,8,2,No,0,No,Sí,3.7,92.1,7.5,83.8,98.2,5.3,9.4,7.2,2.6,5,4.9,Sí
273,28,Masculino,2,4,No,0,Sí,Sí,3.79,95.9,15.3,83.7,99.7,11.4,7.9,5.4,1.4,7,4.4,Sí
274,34,Masculino,8,3,Sí,13,No,No,3.38,80.3,6.0,75.7,80.8,3.2,8.6,8.5,4.3,4,6.3,No
275,23,Masculino,7,3,No,0,No,Sí,4.16,98.1,11.7,100.0,100.0,4.2,10.0,6.8,6.4,3,10.0,Sí
276,17,Femenino,6,5,No,0,No,Sí,4.01,89.7,8.7,96.1,86.7,5.7,7.4,8.4,7.9,1,5.7,Sí
277,16,Femenino,1,1,No,0,No,Sí,3.55,91.7,12.5,87.7,83.0,6.2,7.7,5.4,3.5,8,2.7,Sí
278,30,Masculino,7,3,No,0,No,Sí,3.0,58.1,9.2,66.3,77.2,8.0,5.4,5.4,3.0,8,2.8,No
279,16,Femenino,10,1,No,0,No,Sí,2.85,54.9,12.7,60.3,66.2,7.6,4.7,8.1,7.3,3,3.3,No
280,20,Masculino,7,4,Sí,12,Sí,Sí,2.53,40.0,15.0,50.2,54.8,8.8,4.7,6.0,3.4,3,3.4,No
281,31,Femenino,9,4,Sí,11,No,Sí,3.94,82.0,13.4,81.3,86.3,6.5,7.7,5.6,2.5,3,3.2,Sí
282,34,Masculino,1,3,No,0,No,Sí,4.58,91.2,8.0,95.5,100.0,4.0,8.9,8.2,2.2,4,5.4,Sí
283,19,Femenino,2,4,No,0,No,Sí,3.46,81.2,9.0,100.0,100.0,5.5,6.8,5.8,4.0,3,2.1,Sí
284,18,Femenino,9,3,No,0,Sí,Sí,4.68,86.6,18.0,84.1,91.0,8.7,9.8,6.8,1.3,3,6.0,Sí
285,32,Masculino,9,4,No,0,Sí,Sí,2.97,71.6,1.2,71.1,67.6,1.0,6.2,6.2,5.4,3,7.0,No
286,32,Masculino,6,3,No,0,Sí,Sí,4.15,95.1,14.4,93.8,100.0,8.1,8.3,7.7,1.5,2,3.8,Sí
287,27,Masculino,6,3,Sí,36,Sí,Sí,3.87,84.7,8.1,84.0,79.1,3.9,8.5,7.1,2.0,6,5.7,Sí
288,29,Masculino,4,5,No,0,No,Sí,3.71,83.8,22.0,88.3,79.6,8.7,9.7,7.9,3.5,3,6.3,Sí
289,21,Masculino,4,2,No,0,No,Sí,3.59,94.0,16.7,94.5,88.9,11.7,9.9,5.4,7.2,3,6.8,Sí
290,18,Femenino,5,2,No,0,No,Sí,3.62,96.9,3.8,86.0,74.0,1.2,9.0,7.1,2.6,2,5.2,Sí
291,24,Masculino,3,3,No,0,No,Sí,2.84,51.2,7.1,51.3,57.1,4.0,4.6,6.9,1.8,2,3.1,No
292,20,Femenino,1,6,No,0,No,Sí,3.75,89.1,15.9,84.9,84.8,10.0,7.3,5.9,5.1,1,5.2,Sí
293,32,Femenino,1,3,Sí,13,Sí,Sí,3.65,68.3,17.5,54.5,65.7,8.8,9.1,5.6,2.4,2,4.7,No
294,29,Masculino,7,1,No,0,No,Sí,3.79,80.2,3.6,89.4,64.9,2.7,9.9,6.7,1.3,4,5.3,Sí
295,18,Masculino,1,3,Sí,24,No,Sí,3.53,82.5,1.1,78.2,80.3,0.8,8.6,6.5,4.1,3,3.0,Sí
296,16,Masculino,1,3,No,0,Sí,Sí,2.96,51.2,7.1,54.3,51.7,6.3,5.1,8.2,2.7,1,2.0,No
297,35,Femenino,3,2,No,0,No,Sí,4.51,88.8,7.9,63.5,60.1,4.8,7.5,7.8,2.7,2,1.0,Sí
298,16,Masculino,10,4,Sí,28,No,No,3.11,48.2,5.2,52.2,41.8,3.3,4.6,6.0,4.3,1,1.5,No
299,18,Femenino,4,6,No,0,Sí,Sí,3.75,94.4,10.2,91.9,92.4,4.5,10.0,6.5,4.5,4,1.4,Sí
300,33,Femenino,4,3,Sí,48,Sí,Sí,3.46,53.6,10.2,41.1,33.5,5.4,6.2,7.5,2.1,8,7.0,No
301,25,Masculino,2,3,Sí,19,No,Sí,3.61,79.7,14.7,75.3,90.5,4.7,7.4,7.6,3.2,4,5.5,Sí
302,18,Masculino,1,3,Sí,47,Sí,Sí,3.95,79.5,6.5,74.0,80.3,4.6,8.9,8.2,1.4,5,5.1,Sí
303,23,Femenino,3,2,No,0,No,Sí,3.12,88.1,2.2,94.1,100.0,1.1,10.0,6.7,2.6,1,4.3,Sí
304,29,Femenino,4,5,No,0,Sí,Sí,3.83,91.4,9.2,92.1,74.7,5.7,9.2,7.0,1.9,3,1.2,Sí
305,33,Masculino,3,3,No,0,No,Sí,3.27,72.8,3.3,60.6,69.5,1.5,8.5,4.7,2.7,4,5.8,No
306,30,Masculino,8,3,Sí,14,No,Sí,3.42,77.2,14.8,80.7,88.6,9.9,9.7,5.5,2.4,5,5.5,Sí
307,17,Femenino,10,4,No,0,No,Sí,4.04,84.0,18.0,67.5,63.4,10.2,10.0,7.9,2.7,4,5.1,Sí
308,25,Masculino,1,3,No,0,No,Sí,3.21,66.8,9.4,57.8,56.0,5.5,6.0,5.5,1.3,1,3.5,No
309,17,Femenino,2,4,Sí,28,Sí,Sí,3.46,93.9,6.1,94.0,84.2,5.3,9.9,4.8,1.6,4,3.6,Sí
310,32,Masculino,7,1,Sí,40,No,Sí,3.4,94.8,5.9,89.8,86.8,4.2,10.0,7.7,2.7,10,6.0,Sí
311,23,Masculino,4,4,Sí,48,No,Sí,3.71,67.4,16.4,76.9,82.5,7.5,6.7,6.3,6.3,5,3.5,No
312,16,Femenino,8,5,No,0,Sí,Sí,3.65,98.6,13.8,100.0,93.3,8.3,10.0,5.8,4.3,2,7.1,Sí
313,24,Masculino,3,4,No,0,Sí,Sí,3.77,91.8,16.0,96.8,97.2,9.3,9.2,5.0,3.7,5,8.2,Sí
314,26,Masculino,6,5,No,0,No,Sí,3.65,90.4,11.3,95.8,100.0,8.7,8.9,5.0,2.2,9,7.2,Sí
315,31,Masculino,9,2,Sí,15,No,Sí,3.52,91.1,7.2,87.5,77.7,5.8,7.5,6.3,1.9,4,5.2,Sí
316,22,Masculino,1,3,No,0,No,Sí,3.01,79.8,4.9,71.3,74.6,2.3,6.0,6.6,4.1,3,4.8,No
317,25,Femenino,1,3,Sí,45,No,Sí,4.31,90.8,20.1,90.4,80.0,16.0,8.7,8.3,1.7,5,5.2,Sí
318,18,Masculino,8,3,Sí,36,No,Sí,3.35,90.9,8.6,97.8,83.0,3.5,5.6,6.6,6.8,6,6.4,Sí
319,33,Masculino,3,3,No,0,No,Sí,4.49,83.2,25.7,81.4,89.4,19.4,9.8,6.4,2.9,3,7.9,Sí
320,28,Femenino,5,3,Sí,14,No,Sí,2.97,54.5,14.2,59.3,55.2,6.4,6.5,6.5,8.2,3,6.1,No
321,22,Femenino,1,2,No,0,Sí,Sí,3.64,67.9,35.0,67.7,83.7,16.8,7.6,4.1,7.0,4,1.6,No
322,19,Masculino,5,3,Sí,16,No,Sí,3.2,90.6,7.2,78.2,83.8,5.9,10.0,6.2,3.7,5,3.1,Sí
323,28,Masculino,6,2,No,0,No,Sí,4.35,84.3,27.8,72.5,64.7,15.4,8.1,7.6,3.6,4,4.7,Sí
324,35,Femenino,8,4,Sí,24,No,Sí,4.7,78.4,28.3,90.9,82.1,25.3,8.1,6.9,2.2,5,7.0,Sí
325,16,Femenino,3,2,No,0,No,Sí,4.01,82.9,11.8,73.6,80.8,4.6,7.8,7.7,5.8,3,9.6,Sí
326,23,Masculino,3,1,Sí,20,No,Sí,3.4,75.3,6.1,70.2,59.7,3.5,8.9,8.1,2.5,6,5.1,No
327,29,Masculino,10,3,Sí,35,No,Sí,3.62,88.2,7.2,95.5,84.7,5.3,5.8,4.8,1.3,5,6.3,Sí
328,31,Masculino,9,3,No,0,Sí,Sí,2.54,44.3,5.0,34.8,17.6,1.5,5.8,6.0,5.3,3,1.9,No
329,29,Femenino,4,5,Sí,37,Sí,Sí,3.51,67.2,8.0,61.7,68.0,3.1,4.5,8.0,3.9,5,3.6,No
330,27,Femenino,4,3,No,0,No,Sí,3.13,59.7,8.0,58.0,49.9,2.5,5.7,6.9,2.3,4,5.7,No
331,34,Femenino,7,3,No,0,No,Sí,3.87,89.7,17.8,86.9,90.5,16.0,7.7,6.6,3.4,3,0.9,Sí
332,30,Femenino,2,4,Sí,18,Sí,Sí,3.54,83.3,8.1,75.5,62.5,6.1,8.2,8.0,3.1,4,5.5,Sí
333,17,Femenino,8,3,Sí,13,No,No,3.32,78.9,9.8,77.3,60.9,5.2,7.2,5.8,6.3,6,4.2,No
334,17,Masculino,6,1,No,0,Sí,Sí,3.26,90.6,17.5,96.0,100.0,6.9,8.6,5.9,1.8,5,5.1,Sí
335,34,Masculino,3,3,No,0,No,Sí,3.44,77.3,12.0,76.3,74.8,4.3,8.4,5.8,6.3,7,3.6,Sí
336,32,Masculino,9,5,No,0,No,Sí,4.24,98.6,28.2,93.3,86.5,17.5,10.0,5.2,5.8,2,6.0,Sí
337,35,Masculino,5,3,No,0,No,Sí,3.5,93.0,4.5,100.0,95.1,4.0,10.0,6.5,2.2,4,7.1,Sí
338,25,Femenino,8,2,No,0,Sí,Sí,4.29,85.3,16.6,99.0,94.1,11.7,9.0,7.0,3.7,2,6.5,Sí
339,21,Masculino,7,2,Sí,19,No,Sí,2.42,57.1,13.3,64.8,85.1,6.9,3.8,5.5,4.0,3,6.4,No
340,30,Masculino,8,2,No,0,No,Sí,3.21,87.0,2.3,78.1,80.7,1.4,10.0,6.7,10.0,4,6.1,Sí
341,26,Masculino,7,3,No,0,No,Sí,3.79,77.6,4.0,68.8,70.2,3.6,5.4,6.1,2.0,2,5.0,No
342,20,Masculino,3,3,Sí,37,No,Sí,3.69,94.0,14.8,97.5,90.0,9.0,9.8,6.7,1.1,6,4.1,Sí
343,16,Masculino,2,2,Sí,12,No,Sí,4.5,96.7,19.2,98.0,100.0,16.9,10.0,8.5,1.1,5,6.8,Sí
344,23,Masculino,7,5,Sí,23,No,Sí,3.46,74.3,2.4,64.5,53.0,0.8,7.8,6.9,3.3,1,3.2,No
345,27,Femenino,3,4,Sí,34,Sí,Sí,3.42,81.7,22.8,84.0,89.2,16.7,7.9,6.9,5.0,10,6.0,Sí
346,27,Masculino,3,3,No,0,No,No,4.09,78.9,7.1,79.7,84.9,4.8,9.7,9.2,1.9,1,5.9,Sí
347,20,Femenino,2,4,Sí,11,No,Sí,4.98,85.2,24.8,97.0,100.0,17.6,9.9,6.2,2.7,1,2.9,Sí
348,22,Masculino,4,2,Sí,33,No,Sí,4.29,94.0,17.7,90.6,70.9,11.3,9.4,7.5,2.4,6,3.1,Sí
349,19,Masculino,8,3,Sí,23,Sí,No,4.01,89.1,14.2,100.0,100.0,4.6,8.4,6.2,1.7,2,6.0,Sí
350,21,Masculino,1,3,No,0,Sí,Sí,3.18,76.3,10.9,87.7,91.3,4.2,6.6,7.7,4.1,8,5.4,Sí
351,28,Masculino,1,4,No,0,Sí,Sí,4.15,86.3,12.7,80.9,73.3,10.9,7.7,5.7,1.3,3,5.7,Sí
352,35,Femenino,5,4,Sí,33,No,Sí,2.88,79.0,12.9,81.9,60.3,5.7,7.8,6.4,4.1,4,4.6,No
353,30,Masculino,5,2,Sí,36,No,Sí,3.57,74.7,15.9,73.0,69.0,14.2,5.5,6.1,2.4,7,8.1,Sí
354,18,Masculino,1,5,No,0,No,Sí,3.74,85.4,11.1,83.4,85.3,7.8,8.5,5.5,4.9,3,6.2,Sí
355,23,Femenino,6,2,No,0,No,No,2.73,74.5,17.8,76.5,61.3,10.1,8.4,4.2,3.3,5,7.7,No
356,35,Masculino,1,5,Sí,39,Sí,Sí,3.37,80.9,13.8,74.6,66.1,11.7,7.4,7.3,1.4,6,4.5,Sí
357,31,Masculino,5,6,Sí,36,No,Sí,2.78,66.1,8.7,53.3,40.7,6.8,6.6,6.0,3.5,5,7.0,No
358,28,Femenino,9,2,Sí,48,No,Sí,3.58,60.1,13.6,55.9,51.5,7.6,6.4,6.5,2.5,7,4.4,No
359,33,Femenino,5,4,Sí,24,No,Sí,3.55,95.8,9.2,100.0,89.1,3.1,10.0,6.6,5.2,4,4.3,Sí
360,25,Masculino,6,1,No,0,No,Sí,3.35,44.9,18.8,43.3,65.0,15.4,4.3,5.0,4.3,1,2.6,No
361,34,Femenino,8,3,No,0,No,Sí,3.9,71.5,20.5,71.3,79.9,15.6,9.3,6.3,5.3,3,5.9,Sí
362,32,Femenino,1,3,No,0,No,Sí,3.85,90.4,30.9,96.7,85.7,23.9,9.0,4.7,2.5,5,3.0,Sí
363,34,Masculino,2,3,No,0,Sí,Sí,3.93,98.6,11.5,85.8,76.2,8.6,8.3,6.2,1.9,3,3.8,Sí
364,20,Femenino,9,5,Sí,10,No,Sí,3.9,87.9,5.1,91.4,76.6,2.4,8.3,8.6,3.0,1,2.3,Sí
365,24,Masculino,3,4,No,0,No,Sí,3.61,65.5,17.2,78.9,77.4,14.0,8.1,6.2,4.3,4,1.2,Sí
366,27,Masculino,6,3,No,0,No,Sí,3.6,92.3,10.2,93.1,100.0,3.1,10.0,5.4,1.9,7,4.8,Sí
367,16,Masculino,5,4,Sí,19,Sí,Sí,3.82,98.2,9.7,82.8,94.8,4.3,7.8,6.2,3.5,3,3.6,Sí
368,16,Masculino,2,5,Sí,26,Sí,Sí,3.43,46.4,7.2,45.8,47.8,2.4,4.3,8.7,3.6,4,5.7,No
369,30,Femenino,7,1,No,0,No,Sí,3.6,77.9,7.3,82.8,79.8,2.7,7.2,6.3,6.0,2,4.9,Sí
370,17,Masculino,4,6,Sí,35,No,Sí,3.29,84.7,16.0,85.6,91.1,9.9,9.4,4.9,1.8,5,7.1,Sí
371,31,Femenino,1,2,Sí,30,No,Sí,3.09,82.6,8.4,84.7,87.5,2.7,6.9,4.6,3.8,4,8.9,Sí
372,23,Femenino,4,4,No,0,Sí,Sí,3.58,85.3,9.1,88.5,92.8,3.7,10.0,6.3,2.3,5,7.3,Sí
373,28,Masculino,6,2,No,0,Sí,Sí,3.88,76.8,12.7,69.4,71.4,5.6,5.9,7.8,2.1,3,5.1,Sí
374,16,Femenino,7,2,No,0,No,Sí,3.28,58.1,14.3,51.7,56.1,9.9,5.6,7.3,7.9,6,6.3,No
375,31,Masculino,7,3,No,0,No,Sí,3.74,78.5,3.9,75.5,61.3,2.3,6.4,8.1,3.8,1,7.6,Sí
376,22,Masculino,7,4,Sí,15,No,Sí,3.89,95.4,7.8,98.5,97.3,4.5,10.0,7.6,6.5,4,4.0,Sí
377,20,Femenino,3,3,No,0,No,Sí,3.69,70.3,7.0,60.8,63.1,5.3,4.6,6.8,2.1,1,6.8,No
378,18,Masculino,6,1,No,0,No,Sí,2.97,85.3,7.1,100.0,95.6,4.1,8.3,3.6,6.9,1,7.6,Sí
379,27,Masculino,8,3,No,0,Sí,Sí,3.51,62.9,10.8,43.5,31.0,5.5,6.1,8.5,2.5,4,5.2,No
380,31,Masculino,4,5,Sí,31,Sí,Sí,3.48,83.0,10.3,69.3,69.4,9.1,7.2,5.1,4.5,10,5.9,No
381,34,Masculino,8,3,No,0,No,Sí,4.11,89.9,12.3,94.4,100.0,3.8,10.0,9.6,1.9,6,9.1,Sí
382,20,Masculino,2,2,No,0,No,Sí,3.68,71.6,11.1,75.3,67.1,5.4,9.2,5.9,1.8,2,3.7,Sí
383,29,Masculino,10,3,Sí,46,Sí,Sí,3.46,94.0,9.7,93.4,92.0,6.5,8.9,5.9,3.0,6,4.5,Sí
384,20,Femenino,9,1,Sí,36,No,Sí,3.32,92.3,3.2,97.8,100.0,2.4,9.4,6.2,6.5,6,6.1,Sí
385,30,Masculino,9,4,Sí,23,No,No,3.36,86.7,6.7,91.3,100.0,5.3,7.9,6.8,5.7,10,3.2,Sí
386,32,Masculino,8,4,Sí,14,Sí,Sí,3.84,69.0,29.0,69.0,63.2,9.5,5.4,5.2,3.2,6,4.9,Sí
387,29,Masculino,10,3,No,0,Sí,Sí,4.68,93.0,22.0,95.1,100.0,16.0,8.0,5.7,2.6,1,2.6,Sí
388,35,Masculino,10,3,Sí,41,Sí,Sí,4.18,76.3,31.7,51.1,59.1,23.2,6.3,7.9,3.5,6,1.2,Sí
389,20,Femenino,1,4,Sí,43,No,Sí,4.03,89.8,10.0,88.8,83.7,4.3,10.0,8.4,1.8,6,5.5,Sí
390,27,Femenino,2,3,No,0,Sí,Sí,3.46,77.4,6.5,77.0,83.3,2.4,8.3,5.5,3.2,2,2.3,Sí
391,31,Femenino,6,4,Sí,19,No,Sí,4.38,83.9,21.3,99.2,97.4,15.9,7.2,7.2,3.1,3,3.2,Sí
392,31,Masculino,10,3,No,0,No,Sí,3.86,90.0,15.3,83.4,77.1,6.9,8.0,6.2,3.1,2,7.0,Sí
393,22,Masculino,5,4,Sí,39,Sí,Sí,3.33,63.4,8.4,63.1,80.3,2.5,5.1,7.4,3.8,5,5.3,No
394,19,Masculino,9,3,No,0,Sí,Sí,3.43,71.9,17.7,83.3,89.8,7.7,4.9,5.7,4.5,5,4.9,Sí
395,16,Femenino,5,3,No,0,Sí,Sí,4.2,98.1,9.8,100.0,83.2,3.1,10.0,7.7,0.9,7,4.3,Sí
396,20,Masculino,2,5,No,0,No,Sí,3.04,50.3,8.1,50.5,49.2,3.6,4.9,6.6,2.0,3,8.1,No
397,25,Masculino,10,3,Sí,10,Sí,Sí,3.21,62.6,9.6,70.3,65.1,4.8,8.3,6.2,2.2,4,9.5,Sí
398,20,Femenino,4,3,No,0,Sí,Sí,3.09,49.5,5.5,43.2,41.1,2.6,2.5,6.8,2.8,1,6.2,No
399,19,Masculino,9,2,Sí,47,No,Sí,3.45,76.6,9.4,90.4,95.5,8.0,8.7,8.5,2.9,10,0.0,No
400,17,Masculino,1,3,Sí,34,Sí,Sí,3.74,83.5,20.1,88.6,91.6,8.8,9.5,6.7,4.1,4,4.9,Sí
401,35,Masculino,1,3,Sí,35,No,Sí,3.71,94.6,15.1,81.6,96.0,8.7,10.0,7.1,3.5,5,2.9,Sí
402,25,Femenino,7,2,No,0,No,Sí,3.94,93.9,12.8,89.0,100.0,11.2,9.7,6.9,5.5,2,4.1,Sí
403,34,Masculino,3,1,No,0,No,Sí,3.44,81.6,8.0,64.4,52.2,6.6,9.3,6.9,2.6,4,6.0,No
404,16,Femenino,10,3,No,0,No,Sí,4.27,74.9,24.1,81.3,80.3,11.7,7.9,8.3,2.1,2,5.2,Sí
405,20,Femenino,2,4,Sí,46,Sí,Sí,3.76,54.8,17.6,59.3,39.9,8.7,4.6,7.8,2.8,7,2.3,No
406,28,Masculino,9,3,Sí,39,No,Sí,3.0,74.9,7.5,71.2,61.3,4.9,7.0,5.2,3.0,7,3.6,No
407,19,Femenino,3,2,No,0,No,Sí,3.39,69.3,3.4,78.9,57.9,2.9,6.4,7.5,3.2,9,7.3,No
408,31,Masculino,2,4,Sí,10,No,No,3.56,58.2,11.3,57.5,41.8,3.5,7.2,8.7,2.6,6,8.2,No
409,31,Masculino,8,2,No,0,Sí,No,3.17,51.5,15.2,72.5,86.5,8.1,6.7,6.5,5.2,1,7.7,No
410,17,Femenino,10,3,Sí,14,No,Sí,3.12,73.2,7.2,63.6,71.1,5.8,8.3,7.8,4.9,6,2.3,No
411,32,Femenino,6,2,No,0,Sí,Sí,3.43,95.5,13.9,100.0,100.0,7.6,9.6,3.5,5.2,3,4.3,Sí
412,35,Femenino,6,2,No,0,No,Sí,3.5,83.3,8.7,80.2,91.9,6.4,5.9,5.6,1.8,2,3.5,Sí
413,27,Masculino,10,2,Sí,34,No,Sí,4.26,91.0,6.1,85.6,91.8,4.4,10.0,9.7,4.3,6,6.3,Sí
414,33,Masculino,7,3,Sí,10,Sí,Sí,4.06,76.9,12.3,75.5,74.6,5.2,8.6,7.7,6.7,4,4.4,Sí
415,18,Masculino,7,1,No,0,No,Sí,4.03,92.7,6.8,95.7,89.8,3.9,9.6,7.1,5.3,1,3.0,Sí
416,16,Masculino,6,3,No,0,No,Sí,4.34,99.4,15.5,99.9,100.0,9.9,10.0,9.0,2.3,4,8.0,Sí
417,16,Masculino,4,3,Sí,41,No,Sí,4.04,98.8,17.6,100.0,100.0,12.8,8.9,5.5,2.5,5,3.8,Sí
418,34,Masculino,9,3,Sí,12,No,Sí,4.21,80.2,19.6,85.1,82.9,15.5,7.6,8.3,1.4,5,7.0,Sí
419,26,Masculino,6,3,No,0,No,Sí,2.64,64.8,6.9,76.4,84.1,5.2,5.5,5.8,5.7,8,3.8,No
420,20,Masculino,4,4,No,0,No,Sí,3.67,91.1,5.1,81.5,53.5,1.6,8.9,6.9,1.8,4,6.6,Sí
421,27,Masculino,3,2,Sí,11,Sí,Sí,3.4,85.0,12.7,72.6,80.7,8.9,9.6,4.9,2.4,7,4.4,No
422,18,Masculino,4,3,No,0,No,Sí,3.95,63.7,20.2,63.2,58.2,12.1,6.9,6.3,4.0,6,2.9,Sí
423,16,Femenino,3,1,Sí,26,Sí,Sí,4.37,96.2,16.3,89.9,100.0,10.5,8.4,8.4,3.2,6,7.3,Sí
424,16,Masculino,2,1,No,0,No,Sí,3.78,88.8,7.1,95.8,100.0,3.7,10.0,6.2,3.6,3,3.6,Sí
425,23,Femenino,5,3,Sí,26,No,Sí,3.3,50.1,7.5,41.5,21.8,5.5,5.2,7.4,2.3,6,5.2,No
426,25,Femenino,2,3,No,0,No,Sí,3.67,79.9,8.8,75.5,68.4,6.2,7.2,6.2,1.6,6,2.4,Sí
427,26,Masculino,6,5,No,0,No,Sí,4.76,95.0,19.6,92.3,92.9,12.7,9.1,7.3,3.3,1,2.2,Sí
428,27,Femenino,3,3,No,0,No,Sí,3.84,83.9,13.3,98.1,97.6,10.9,7.7,7.7,1.9,6,8.1,Sí
429,28,Masculino,6,5,No,0,No,Sí,3.61,71.9,12.8,88.8,87.9,4.6,7.5,6.0,3.9,4,5.3,Sí
430,27,Masculino,10,1,No,0,No,Sí,3.61,80.3,1.3,71.1,81.0,0.6,6.4,5.8,1.9,6,4.8,Sí
431,29,Masculino,9,2,No,0,No,Sí,2.96,52.8,11.1,35.2,29.8,6.6,5.6,6.3,2.8,3,4.2,No
432,17,Masculino,1,1,No,0,No,Sí,3.75,90.4,20.6,85.8,85.1,18.1,10.0,6.3,7.1,7,3.4,Sí
433,34,Masculino,6,2,No,0,No,No,3.52,81.1,19.6,80.8,96.0,6.7,8.9,4.4,3.4,2,6.2,Sí
434,33,Masculino,9,3,No,0,Sí,Sí,4.42,92.7,14.1,92.4,100.0,7.1,9.6,7.2,2.0,9,7.8,Sí
435,18,Femenino,4,4,No,0,No,No,3.33,91.3,7.2,90.7,100.0,6.2,9.8,7.3,3.9,8,6.6,Sí
436,32,Femenino,2,1,Sí,29,No,Sí,3.16,72.7,6.4,79.2,75.7,5.4,7.7,4.6,2.8,2,6.2,Sí
437,23,Masculino,4,5,No,0,No,Sí,4.06,94.1,10.2,90.8,83.8,8.4,10.0,7.8,2.0,8,4.4,Sí
438,25,Femenino,1,4,Sí,33,No,Sí,3.78,83.4,20.6,85.1,84.7,10.0,8.1,6.3,3.0,5,6.3,Sí
439,17,Masculino,3,2,No,0,No,Sí,2.92,70.6,4.2,75.7,76.0,3.4,6.0,7.2,5.6,4,8.9,No
440,34,Masculino,10,1,Sí,39,No,Sí,2.92,61.4,10.7,63.2,62.8,6.5,6.6,6.5,4.1,6,4.5,No
441,24,Femenino,9,2,No,0,No,Sí,3.81,75.6,16.2,81.0,86.6,10.9,8.9,7.2,2.7,3,5.7,Sí
442,22,Masculino,10,2,No,0,Sí,Sí,3.75,80.3,18.0,66.7,70.3,8.0,7.6,6.9,1.6,6,7.7,Sí
443,19,Masculino,5,2,No,0,No,Sí,4.69,91.7,19.9,92.6,95.8,14.4,10.0,7.9,4.3,3,8.9,Sí
444,33,Masculino,6,3,No,0,No,Sí,3.47,78.2,11.1,80.0,75.4,5.5,8.3,6.8,3.8,3,5.3,Sí
445,28,Masculino,3,2,Sí,18,Sí,Sí,2.98,58.0,2.3,56.7,44.7,1.2,6.9,7.7,1.3,5,6.7,No
446,26,Femenino,5,3,Sí,31,No,Sí,4.28,87.3,14.9,82.5,89.5,10.2,7.3,8.5,1.4,6,4.5,Sí
447,19,Masculino,8,6,Sí,21,No,Sí,3.3,72.4,8.9,76.1,76.7,3.9,8.2,6.7,6.6,4,5.6,No
448,19,Femenino,6,4,No,0,No,Sí,2.48,72.9,6.7,73.9,78.0,2.9,7.9,6.5,3.5,4,4.5,No
449,25,Masculino,4,5,Sí,34,No,Sí,3.03,66.5,3.0,66.1,70.5,1.6,9.2,7.5,1.5,5,7.3,No
450,20,Masculino,2,2,No,0,No,Sí,3.03,82.4,9.2,79.7,59.5,7.1,8.9,4.3,5.3,4,8.4,No
451,24,Masculino,9,3,Sí,24,No,Sí,3.02,88.2,7.0,85.9,100.0,3.1,9.6,5.8,5.5,6,2.6,Sí
452,18,Femenino,1,3,Sí,39,No,Sí,3.32,63.5,7.6,57.3,51.7,5.9,5.4,5.7,2.1,5,4.8,No
453,32,Masculino,1,1,Sí,36,No,Sí,3.83,98.7,11.3,94.9,100.0,8.1,10.0,7.5,1.9,3,3.9,Sí
454,18,Femenino,4,1,No,0,No,Sí,3.87,77.1,8.2,69.5,73.8,5.8,9.1,7.0,3.1,2,4.4,Sí
455,31,Femenino,7,4,No,0,No,Sí,2.88,66.9,6.1,63.8,53.0,3.6,6.3,8.3,3.3,5,4.5,No
456,19,Masculino,1,4,Sí,40,No,Sí,3.99,79.4,13.4,82.3,75.2,10.0,7.1,8.2,2.8,4,3.3,Sí
457,33,Femenino,9,3,No,0,No,Sí,3.78,81.8,12.0,88.4,81.5,3.7,10.0,4.4,1.8,4,5.6,Sí
458,32,Femenino,4,3,Sí,21,No,Sí,3.25,89.0,6.6,88.5,82.2,3.2,8.6,4.8,2.5,3,2.7,Sí
459,22,Femenino,3,3,No,0,No,Sí,3.55,80.1,4.7,79.4,61.7,3.3,9.1,6.8,2.4,2,6.8,Sí
460,20,Masculino,1,1,No,0,No,Sí,4.08,83.7,15.2,84.8,76.8,13.5,7.8,4.9,1.4,1,5.6,Sí
461,27,Masculino,10,3,Sí,41,No,Sí,2.75,54.1,5.0,61.9,71.6,1.5,4.9,4.4,4.9,4,2.9,No
462,32,Masculino,4,2,No,0,No,Sí,3.56,58.0,20.4,56.2,66.9,12.4,5.7,5.9,1.8,5,2.8,Sí
463,28,Masculino,9,2,Sí,30,No,Sí,2.69,77.7,4.2,81.4,74.7,3.6,8.5,4.3,5.8,7,6.6,No
464,18,Masculino,10,5,No,0,No,Sí,3.19,52.4,15.7,55.3,36.6,12.9,6.6,5.6,3.2,2,3.6,No
465,24,Femenino,6,3,Sí,25,No,Sí,2.55,50.0,6.5,45.0,51.3,2.0,4.3,7.7,2.2,9,8.1,No
466,32,Masculino,6,4,No,0,No,Sí,3.17,76.4,10.1,82.0,71.2,6.2,9.0,6.2,3.6,4,0.8,Sí
467,32,Masculino,1,3,Sí,13,No,Sí,3.9,69.7,17.7,53.1,43.1,5.4,7.1,8.6,2.8,5,2.9,No
468,35,Femenino,10,3,No,0,Sí,Sí,4.48,93.6,28.6,100.0,97.2,22.2,9.1,6.1,5.8,2,4.2,Sí
469,31,Femenino,2,2,No,0,No,Sí,4.46,90.6,13.8,81.0,77.2,6.7,9.7,7.5,8.7,2,4.9,Sí
470,28,Masculino,6,2,No,0,No,Sí,4.32,95.3,20.4,94.2,86.3,15.5,10.0,6.2,3.7,5,6.3,Sí
471,34,Femenino,2,2,No,0,No,Sí,4.07,97.6,16.0,100.0,93.0,13.8,10.0,6.5,2.7,4,4.6,Sí
472,32,Masculino,3,4,No,0,No,Sí,3.03,62.1,5.9,58.6,53.6,5.2,5.3,6.3,6.7,4,4.4,No
473,19,Masculino,4,4,Sí,45,No,Sí,3.27,74.0,14.0,75.9,68.8,11.7,7.6,7.5,2.7,6,3.7,No
474,27,Femenino,5,3,Sí,26,No,Sí,3.62,80.0,4.1,86.8,80.3,1.7,8.7,7.7,2.3,3,3.4,Sí
475,24,Masculino,9,3,Sí,20,No,Sí,4.11,71.6,17.4,86.4,83.3,7.3,6.4,9.3,5.6,4,3.6,Sí
476,34,Masculino,4,5,No,0,Sí,Sí,3.74,85.7,9.0,85.6,89.1,6.1,8.9,6.8,4.6,5,4.8,Sí
477,27,Masculino,9,1,Sí,44,No,Sí,3.61,83.3,9.4,84.7,87.2,5.9,7.5,7.5,2.3,8,1.3,Sí
478,24,Masculino,10,2,No,0,No,Sí,3.2,55.5,12.6,55.8,50.4,3.8,6.3,5.6,3.5,3,6.1,No
479,22,Masculino,3,3,No,0,No,Sí,2.81,41.2,9.7,39.5,36.3,5.2,5.9,7.6,2.5,8,5.1,No
480,29,Masculino,8,4,Sí,36,Sí,Sí,3.47,83.5,4.9,72.8,86.2,4.1,8.3,6.8,4.1,6,4.8,Sí
481,35,Femenino,1,6,Sí,46,Sí,Sí,2.52,75.5,5.0,66.6,76.4,4.2,8.4,3.6,3.9,6,7.3,No
482,34,Femenino,9,2,Sí,44,No,Sí,3.18,87.1,6.2,87.0,92.5,2.6,9.9,5.8,1.6,5,6.2,Sí
483,30,Masculino,9,5,Sí,13,Sí,Sí,3.65,96.1,2.7,98.8,81.1,1.4,9.1,4.3,3.1,2,5.3,Sí
484,31,Masculino,10,4,Sí,25,Sí,Sí,3.94,94.2,11.5,100.0,100.0,7.3,9.9,5.9,1.4,1,6.3,Sí
485,20,Masculino,2,2,Sí,25,Sí,Sí,3.94,87.7,11.4,86.0,79.3,9.2,10.0,7.2,1.5,7,3.8,Sí
486,18,Masculino,4,3,No,0,No,Sí,3.46,83.7,8.8,95.9,86.3,5.5,10.0,6.4,2.3,3,6.2,Sí
487,27,Femenino,8,3,No,0,No,Sí,3.51,79.0,10.5,69.4,65.8,9.3,7.6,7.5,2.2,4,6.6,No
488,35,Masculino,7,6,Sí,45,Sí,Sí,3.21,90.2,9.7,91.9,100.0,7.6,7.7,4.0,1.3,7,0.1,Sí
489,19,Masculino,1,2,Sí,28,Sí,Sí,4.18,88.6,9.0,86.5,95.4,7.8,9.6,7.9,1.7,2,8.5,Sí
490,31,Femenino,5,4,Sí,26,No,Sí,2.84,64.1,8.2,53.6,47.4,6.1,6.7,7.1,1.4,5,5.7,No
491,22,Femenino,7,3,No,0,No,Sí,3.41,71.7,11.6,58.1,59.0,9.6,7.2,5.3,2.1,4,6.2,No
492,28,Femenino,4,4,No,0,Sí,Sí,3.67,61.5,17.8,58.0,53.8,14.2,5.5,6.8,3.9,5,7.2,Sí
493,25,Masculino,1,3,Sí,37,No,Sí,3.81,92.0,14.4,89.1,86.7,6.5,10.0,9.4,6.3,8,4.7,Sí
494,22,Masculino,9,3,Sí,10,No,Sí,4.17,83.7,18.4,76.6,86.6,8.0,7.7,8.6,5.1,4,4.2,Sí
495,29,Masculino,5,4,No,0,No,Sí,3.84,80.9,8.1,87.0,86.4,6.7,7.3,8.8,3.7,5,5.6,Sí
496,20,Masculino,2,4,No,0,No,Sí,3.21,77.9,12.0,74.6,57.0,4.2,7.6,6.5,3.6,7,10.0,No
497,18,Femenino,8,5,Sí,11,No,Sí,3.53,64.5,7.4,56.6,58.0,4.0,7.6,8.2,2.8,1,4.8,No
498,26,Femenino,2,1,No,0,No,Sí,3.77,72.8,9.8,70.9,89.1,7.7,5.7,8.4,2.9,3,3.7,No
499,26,Femenino,3,4,Sí,47,No,Sí,3.26,97.1,12.1,92.1,85.1,9.5,8.5,5.5,6.0,9,7.7,Sí
500,33,Femenino,10,2,Sí,30,No,Sí,3.03,62.8,1.3,76.0,91.5,0.5,5.3,8.3,4.1,5,0.8,No
501,30,Masculino,1,3,No,0,No,Sí,4.01,87.8,10.2,85.3,91.5,6.0,10.0,8.1,3.3,2,4.8,Sí
502,27,Femenino,2,3,No,0,No,Sí,4.07,76.0,23.8,68.7,80.5,14.0,7.9,6.0,1.2,4,3.7,Sí
503,24,Masculino,7,3,Sí,20,No,Sí,4.0,79.1,9.9,92.3,100.0,4.9,6.7,6.9,4.3,4,6.3,Sí
504,25,Masculino,10,3,No,0,No,Sí,3.56,87.0,7.4,92.8,94.6,6.3,8.5,8.4,4.4,5,5.3,Sí
505,27,Masculino,2,6,Sí,25,Sí,Sí,3.85,73.7,9.2,74.5,68.4,6.4,8.3,6.7,2.2,4,2.8,Sí
506,32,Masculino,6,2,No,0,No,Sí,3.66,90.9,8.7,84.6,86.3,7.7,10.0,7.9,3.4,5,6.3,Sí
507,21,Masculino,3,4,No,0,Sí,Sí,3.75,67.4,21.5,73.5,75.9,7.3,4.9,6.2,2.8,2,3.4,Sí
508,22,Femenino,4,3,No,0,Sí,Sí,3.26,74.7,4.6,62.9,72.7,2.4,6.2,5.5,2.3,7,4.9,Sí
509,29,Masculino,8,2,No,0,Sí,Sí,3.82,86.5,12.4,92.0,69.5,9.9,8.2,5.4,3.7,1,4.1,Sí
510,28,Masculino,3,2,Sí,48,No,Sí,3.07,79.9,13.6,81.9,67.6,7.5,7.6,6.5,1.7,6,6.6,Sí
511,23,Masculino,10,5,No,0,Sí,No,3.59,62.2,16.6,70.1,72.5,7.6,5.8,7.3,8.3,4,4.1,Sí
512,25,Femenino,6,5,No,0,No,Sí,3.14,64.7,8.5,45.8,49.2,7.6,6.3,4.7,3.9,1,0.0,No
513,24,Masculino,1,5,No,0,No,Sí,3.91,76.7,12.2,69.4,60.7,10.0,10.0,9.1,2.8,3,2.8,Sí
514,33,Femenino,7,6,Sí,22,No,Sí,3.35,62.1,8.7,54.1,57.7,5.4,4.7,8.1,4.9,3,5.1,No
515,17,Masculino,8,2,No,0,No,Sí,3.08,40.0,10.5,31.1,37.8,6.7,4.2,7.4,4.4,3,3.7,No
516,20,Femenino,8,3,No,0,No,Sí,4.43,99.4,13.8,100.0,98.1,4.2,10.0,7.8,2.1,3,7.4,Sí
517,20,Masculino,3,4,Sí,18,No,Sí,4.5,85.9,29.0,83.5,97.8,25.8,6.8,6.0,2.3,5,3.0,Sí
518,21,Femenino,10,3,No,0,No,Sí,3.32,85.3,7.2,78.4,94.5,5.7,10.0,5.0,1.0,3,6.2,Sí
519,34,Femenino,1,3,Sí,31,No,No,4.09,97.0,13.4,88.2,89.4,4.3,9.5,7.3,1.8,5,6.6,Sí
520,23,Masculino,9,3,Sí,27,No,Sí,3.61,78.6,12.5,70.9,79.3,5.1,6.6,8.1,4.2,3,5.4,Sí
521,31,Masculino,6,3,No,0,No,Sí,3.37,82.3,3.0,89.2,72.2,2.4,10.0,6.2,3.3,7,5.8,Sí
522,28,Masculino,9,3,No,0,No,Sí,3.25,63.9,13.4,63.3,74.1,4.7,7.2,5.7,2.3,3,4.7,No
523,16,Masculino,7,2,No,0,Sí,Sí,2.99,63.1,2.5,69.7,84.4,2.2,5.7,6.1,3.6,5,5.6,No
524,35,Masculino,1,3,Sí,40,No,Sí,4.24,75.0,26.9,96.3,86.1,24.2,8.4,7.4,2.3,3,4.0,Sí
525,32,Femenino,1,3,No,0,No,Sí,3.86,63.5,16.2,63.3,69.5,13.5,6.8,7.5,1.5,2,5.5,Sí
526,22,Masculino,6,3,Sí,23,No,Sí,3.27,51.8,3.1,40.4,21.7,2.3,3.3,9.0,1.9,2,4.4,No
527,28,Masculino,5,2,Sí,25,No,Sí,3.2,81.8,14.0,80.7,72.8,8.3,6.5,7.3,9.5,5,4.4,No
528,19,Masculino,9,4,Sí,20,No,Sí,3.56,68.4,13.9,83.4,78.2,4.9,7.2,5.8,2.8,6,3.7,Sí
529,19,Masculino,2,1,No,0,No,No,3.53,57.5,16.3,66.2,51.4,12.0,3.6,6.4,2.9,5,4.6,No
530,21,Femenino,8,3,No,0,Sí,Sí,2.77,58.1,13.3,52.9,50.5,7.1,7.0,5.5,3.9,4,8.0,No
531,34,Masculino,5,4,No,0,Sí,Sí,3.85,94.7,11.8,92.3,89.3,7.6,7.8,8.1,4.9,4,4.5,Sí
532,27,Femenino,2,3,No,0,Sí,Sí,3.24,89.8,3.1,96.0,100.0,1.5,10.0,5.5,2.7,3,6.9,Sí
533,22,Femenino,10,2,Sí,37,No,Sí,4.16,70.9,30.1,74.8,59.6,13.4,8.8,6.1,5.2,6,6.0,Sí
534,25,Femenino,6,4,No,0,No,Sí,3.98,76.6,13.4,82.9,89.1,6.6,8.2,7.4,2.7,4,5.5,Sí
535,34,Femenino,10,3,No,0,No,Sí,4.43,95.3,17.9,93.4,85.5,14.1,5.1,8.7,3.0,7,5.6,Sí
536,22,Masculino,8,4,No,0,No,Sí,3.69,80.0,9.0,83.1,70.4,5.0,9.3,10.0,2.4,4,5.0,Sí
537,18,Femenino,4,4,Sí,35,No,Sí,3.28,72.4,10.4,70.0,68.0,5.1,6.7,5.2,4.4,4,3.8,No
538,28,Masculino,2,3,No,0,No,Sí,3.91,80.3,12.0,91.4,99.0,6.7,8.0,7.6,1.5,4,8.4,Sí
539,28,Masculino,5,3,No,0,No,Sí,3.26,69.8,10.3,57.6,52.7,3.3,6.1,6.8,3.4,5,7.1,No
540,33,Femenino,2,2,No,0,No,Sí,3.94,84.5,10.9,72.3,77.4,9.1,10.0,6.5,4.0,5,5.1,Sí
541,35,Femenino,2,2,No,0,No,Sí,3.28,78.5,5.0,72.8,75.6,3.2,8.1,6.5,5.0,2,5.1,No
542,23,Femenino,6,3,Sí,21,Sí,Sí,3.75,85.1,12.4,79.7,100.0,4.5,8.0,5.3,3.9,5,6.1,Sí
543,24,Masculino,10,3,No,0,No,Sí,3.88,95.4,4.8,83.2,80.1,2.3,10.0,8.8,1.9,6,2.9,Sí
544,22,Masculino,9,3,Sí,14,No,Sí,2.96,93.3,4.8,79.6,78.0,4.3,10.0,4.3,4.0,6,3.4,Sí
545,16,Femenino,4,2,No,0,Sí,Sí,2.84,76.9,1.5,85.5,96.6,1.0,6.3,6.6,4.3,4,1.2,No
546,18,Masculino,6,1,No,0,No,Sí,3.77,59.2,22.6,57.8,57.3,10.8,6.3,8.6,4.2,6,4.6,No
547,28,Femenino,7,3,Sí,12,No,Sí,3.6,67.8,12.9,65.8,68.3,7.2,7.0,7.1,2.7,3,7.4,Sí
548,32,Femenino,6,2,No,0,No,Sí,3.36,86.6,12.2,87.0,69.5,5.6,6.9,6.0,2.8,6,4.4,Sí
549,16,Masculino,8,4,No,0,Sí,No,3.13,75.6,8.2,88.4,87.2,2.6,8.6,6.0,4.9,1,9.4,Sí
550,21,Masculino,4,1,Sí,48,No,Sí,4.33,71.0,20.7,72.0,64.9,16.6,7.1,7.9,3.0,4,4.1,Sí
551,21,Masculino,1,3,No,0,No,Sí,4.23,94.9,15.2,94.0,89.2,7.2,10.0,6.4,1.9,4,5.4,Sí
552,27,Masculino,7,5,Sí,13,Sí,Sí,3.87,77.1,4.1,72.0,74.5,3.3,9.4,6.8,2.4,3,4.4,Sí
553,28,Femenino,3,2,No,0,No,Sí,2.64,66.5,4.7,71.3,70.7,2.8,6.9,7.5,6.3,6,0.5,No
554,28,Masculino,6,3,No,0,Sí,Sí,4.4,97.6,7.1,97.1,100.0,2.9,9.7,7.9,1.5,6,4.4,Sí
555,30,Femenino,2,2,No,0,Sí,Sí,3.37,96.0,7.2,100.0,100.0,5.6,7.1,6.1,5.8,4,3.3,Sí
556,31,Masculino,9,3,No,0,Sí,Sí,2.83,83.4,1.7,82.1,80.3,0.9,9.3,5.2,3.0,3,5.5,Sí
557,26,Femenino,1,3,No,0,Sí,Sí,4.06,83.7,19.0,91.7,94.7,13.8,8.3,5.6,1.5,2,7.6,Sí
558,20,Masculino,6,3,No,0,No,Sí,3.67,73.4,22.9,67.7,47.3,18.4,6.8,8.5,4.5,5,4.3,No
559,19,Masculino,6,3,Sí,12,Sí,Sí,4.26,97.9,9.3,92.2,95.3,8.2,9.8,6.9,2.1,4,5.7,Sí
560,18,Masculino,5,5,No,0,No,Sí,2.73,40.0,10.5,25.4,35.9,3.7,5.9,5.3,3.1,3,4.6,No
561,34,Femenino,5,2,No,0,No,Sí,3.25,78.2,8.6,84.5,75.4,2.6,9.5,5.7,1.2,4,6.8,Sí
562,35,Femenino,1,1,Sí,24,No,Sí,4.18,74.1,21.0,73.8,81.3,13.2,9.0,8.2,5.9,5,9.6,Sí
563,33,Femenino,10,5,Sí,14,No,Sí,3.71,86.6,10.8,91.8,87.2,5.0,7.4,6.9,2.6,5,8.0,Sí
564,30,Masculino,5,3,No,0,No,Sí,3.95,80.2,28.6,93.8,88.0,16.6,9.9,4.8,2.2,6,3.8,Sí
565,24,Masculino,2,5,No,0,No,Sí,3.66,79.9,11.7,73.1,87.3,4.0,7.4,5.5,3.3,2,7.8,Sí
566,32,Masculino,7,3,Sí,13,Sí,Sí,3.44,78.4,9.2,70.4,70.0,5.5,8.7,8.2,4.7,6,5.6,No
567,29,Masculino,3,4,Sí,24,No,Sí,3.63,93.9,14.3,87.6,96.3,5.4,10.0,6.1,2.7,4,7.5,Sí
568,30,Masculino,4,3,Sí,26,No,Sí,4.58,81.4,27.5,64.5,45.0,22.1,8.0,9.3,4.6,4,2.9,Sí
569,16,Femenino,3,4,No,0,No,Sí,4.0,93.0,11.3,91.5,85.4,8.6,9.6,9.1,3.0,2,4.8,Sí
570,18,Femenino,3,5,Sí,19,Sí,Sí,4.19,87.2,20.9,94.3,100.0,7.2,6.8,8.6,3.1,5,5.4,Sí
571,31,Femenino,4,3,No,0,No,Sí,3.8,83.8,18.7,84.2,85.4,15.0,8.4,7.4,2.0,7,4.9,Sí
572,26,Femenino,5,2,Sí,27,No,Sí,3.6,90.9,3.1,78.4,76.5,1.5,8.8,8.0,5.1,3,5.6,Sí
573,27,Masculino,1,2,No,0,No,Sí,3.15,76.9,9.4,74.0,80.1,4.8,10.0,6.7,4.2,6,4.8,No
574,25,Masculino,4,2,Sí,44,No,Sí,3.38,85.5,3.9,86.5,78.2,1.6,8.6,6.8,4.0,3,4.3,Sí
575,31,Masculino,8,2,No,0,Sí,Sí,3.71,89.2,6.4,96.9,100.0,5.1,8.1,5.4,5.1,1,4.1,Sí
576,23,Femenino,10,3,Sí,10,No,Sí,3.75,88.5,17.1,94.9,92.7,9.3,9.0,6.7,1.8,7,3.4,Sí
577,21,Masculino,7,3,No,0,Sí,Sí,3.6,81.7,12.6,78.9,70.7,4.2,7.4,5.3,3.1,3,5.6,Sí
578,27,Masculino,9,3,Sí,12,Sí,Sí,2.36,42.9,8.8,40.1,32.6,7.8,2.6,6.8,5.2,4,4.7,No
579,23,Masculino,5,3,No,0,No,Sí,3.23,67.9,14.4,72.6,71.8,6.6,7.3,5.3,3.0,4,3.9,Sí
580,19,Masculino,10,3,No,0,Sí,No,3.27,81.3,6.5,76.5,72.3,5.6,8.1,5.8,3.2,1,2.0,No
581,23,Femenino,4,2,Sí,38,Sí,Sí,2.67,72.6,4.8,79.5,84.7,2.3,8.5,3.7,3.2,8,6.1,No
582,33,Femenino,8,2,No,0,Sí,Sí,3.06,84.9,2.2,79.6,79.2,1.8,10.0,5.9,3.8,5,6.4,Sí
583,20,Masculino,9,2,No,0,No,Sí,3.79,56.7,22.2,69.1,65.5,15.5,7.9,5.9,1.1,5,3.1,No
584,24,Femenino,7,3,Sí,45,No,Sí,3.93,93.9,20.4,95.8,99.4,16.7,9.7,6.4,3.2,9,5.2,Sí
585,19,Femenino,7,2,Sí,38,No,Sí,4.07,75.2,11.5,59.5,54.2,10.2,8.4,8.2,3.7,4,3.9,Sí
586,32,Masculino,5,2,Sí,35,No,Sí,3.29,78.8,19.5,83.9,88.8,16.1,8.2,6.7,3.7,7,6.4,Sí
587,24,Masculino,4,3,No,0,Sí,Sí,4.35,97.8,24.4,99.8,100.0,13.2,7.0,7.9,6.7,6,4.0,Sí
588,16,Masculino,10,4,No,0,No,Sí,4.25,86.9,21.9,90.7,93.6,17.3,10.0,8.0,2.2,9,4.0,Sí
589,35,Masculino,1,1,Sí,36,No,Sí,2.97,59.1,8.4,77.1,73.5,6.1,6.6,8.5,6.8,5,5.3,No
590,28,Femenino,10,4,No,0,No,Sí,3.68,93.9,16.6,91.8,85.5,5.6,10.0,5.7,2.5,10,4.2,Sí
591,31,Masculino,10,4,No,0,Sí,Sí,4.06,84.4,18.3,71.9,80.0,15.7,7.8,5.4,1.5,3,4.0,Sí
592,28,Femenino,7,4,No,0,Sí,Sí,3.11,58.0,3.8,68.1,74.3,2.2,5.0,6.7,6.4,3,3.8,No
593,29,Masculino,1,5,No,0,No,Sí,3.72,95.8,18.7,81.6,71.5,7.1,9.5,5.5,5.1,6,4.1,Sí
594,18,Masculino,1,1,No,0,No,Sí,3.25,79.0,6.2,73.0,68.7,3.4,8.6,6.5,3.2,5,4.3,No
595,21,Masculino,5,2,No,0,No,No,3.69,80.3,19.5,80.7,94.1,12.9,5.7,5.7,2.2,4,5.0,Sí
596,33,Masculino,9,5,Sí,13,No,Sí,3.92,94.1,15.6,86.9,96.7,10.0,9.7,5.3,2.7,3,4.7,Sí
597,34,Masculino,6,3,No,0,Sí,Sí,3.18,52.6,14.6,52.0,40.3,9.4,7.3,7.2,3.4,2,6.0,No
598,20,Femenino,3,3,No,0,No,Sí,3.31,45.4,8.9,44.3,44.4,4.0,4.4,9.0,6.0,4,2.7,No
599,30,Masculino,3,4,No,0,No,No,3.56,98.3,8.6,100.0,100.0,5.8,7.5,6.5,1.6,3,9.2,Sí
600,17,Femenino,7,4,No,0,Sí,Sí,4.29,58.2,35.0,38.8,48.8,29.6,5.6,7.1,2.7,3,5.0,Sí
601,25,Masculino,6,5,No,0,Sí,Sí,3.62,97.6,8.2,98.3,99.6,4.4,10.0,6.9,2.6,2,6.9,Sí
602,33,Masculino,9,6,No,0,Sí,No,2.86,42.5,5.1,35.1,40.0,3.5,4.7,6.8,2.4,2,6.0,No
603,28,Masculino,6,4,Sí,47,Sí,Sí,4.25,87.7,9.3,83.2,92.5,4.2,9.0,8.5,2.2,3,5.2,Sí
604,20,Masculino,5,2,Sí,33,No,Sí,3.32,95.5,6.5,100.0,100.0,2.1,10.0,6.5,6.7,10,5.9,Sí
605,16,Masculino,10,5,No,0,No,Sí,3.2,96.9,12.0,100.0,98.2,7.8,9.9,3.0,2.0,7,5.7,Sí
606,16,Masculino,7,1,No,0,No,Sí,3.72,94.6,7.1,97.3,97.8,2.3,9.7,5.7,3.2,5,4.6,Sí
607,33,Masculino,1,2,Sí,12,No,Sí,3.08,91.7,4.8,81.6,74.0,3.5,8.5,6.9,1.7,3,9.8,Sí
608,30,Masculino,7,5,No,0,No,Sí,3.85,88.9,16.1,98.4,95.7,11.3,10.0,6.7,4.6,5,7.2,Sí
609,32,Masculino,3,2,No,0,No,Sí,3.63,89.4,12.2,82.4,78.3,6.4,10.0,6.5,2.3,4,1.8,Sí
610,26,Masculino,9,2,Sí,31,Sí,Sí,3.78,94.0,6.5,100.0,98.1,3.5,8.6,6.2,1.0,6,7.1,Sí
611,32,Femenino,6,2,Sí,23,No,Sí,3.29,72.4,24.1,67.2,66.2,20.5,7.1,6.9,4.9,5,5.1,No
612,28,Femenino,9,4,Sí,23,No,Sí,3.5,57.9,9.7,66.2,74.3,3.0,3.0,9.3,2.3,3,8.3,Sí
613,16,Masculino,5,3,No,0,Sí,Sí,3.99,70.5,35.0,71.3,74.8,22.3,6.0,6.4,5.8,4,4.3,Sí
614,17,Masculino,7,4,Sí,42,No,Sí,3.22,45.9,5.2,32.5,19.7,4.4,7.0,9.4,5.2,7,0.3,No
615,24,Femenino,4,2,Sí,22,No,Sí,3.12,48.3,15.2,45.4,50.9,12.9,4.5,7.4,2.8,5,4.3,No
616,18,Femenino,7,4,No,0,No,Sí,3.2,73.7,7.5,87.4,81.9,4.9,7.6,6.0,3.7,4,1.8,Sí
617,16,Masculino,1,4,Sí,21,Sí,Sí,3.95,78.6,13.7,85.2,74.3,7.2,7.0,7.8,3.1,2,3.6,Sí
618,31,Femenino,7,3,Sí,47,No,Sí,3.77,96.6,17.6,93.1,81.7,6.3,10.0,3.9,1.5,4,3.9,Sí
619,21,Masculino,8,3,Sí,48,No,Sí,3.57,71.4,18.9,81.8,83.5,7.6,6.9,6.8,6.1,4,5.8,Sí
620,32,Masculino,5,2,No,0,Sí,Sí,3.8,75.1,12.7,77.3,87.9,9.0,8.0,7.4,2.6,3,5.5,Sí
621,20,Femenino,2,6,No,0,Sí,Sí,4.31,99.5,20.9,100.0,97.9,6.5,10.0,7.4,3.0,6,6.3,Sí
622,20,Masculino,5,4,Sí,38,No,Sí,4.27,60.0,17.6,59.4,68.8,14.6,7.7,7.6,3.1,4,6.1,Sí
623,21,Femenino,6,5,Sí,14,Sí,Sí,4.19,89.5,29.3,87.2,88.0,19.1,9.2,7.7,2.7,4,8.9,Sí
624,18,Femenino,2,3,No,0,No,Sí,3.93,66.5,35.0,74.4,52.8,11.4,5.6,7.2,4.1,5,5.0,Sí
625,20,Masculino,6,4,Sí,40,No,Sí,3.45,65.4,7.6,67.4,73.5,3.4,5.8,7.7,2.9,2,6.0,No
626,20,Masculino,6,4,Sí,25,Sí,Sí,4.12,83.0,15.6,87.4,82.0,10.2,6.1,6.1,2.3,3,6.8,Sí
627,25,Masculino,1,4,Sí,40,Sí,Sí,4.01,90.9,2.5,84.0,75.9,0.8,9.2,8.2,2.4,4,3.7,Sí
628,25,Masculino,1,6,No,0,No,Sí,3.59,79.8,8.5,89.2,95.3,6.5,7.9,6.2,6.9,3,2.5,Sí
629,34,Femenino,10,3,No,0,Sí,Sí,3.27,56.6,8.4,64.5,65.8,7.2,7.5,8.2,3.1,6,5.7,No
630,32,Masculino,3,2,Sí,22,Sí,Sí,3.72,72.6,14.6,83.5,82.8,12.8,5.9,6.8,6.8,6,4.2,Sí
631,29,Masculino,10,4,No,0,No,Sí,4.24,90.3,26.1,79.5,80.4,19.3,8.2,7.1,1.9,7,6.6,Sí
632,24,Femenino,10,4,Sí,33,No,Sí,4.44,91.3,16.6,82.0,73.6,13.5,8.3,7.9,2.2,6,6.5,Sí
633,29,Masculino,3,3,Sí,19,No,Sí,3.94,86.7,5.0,80.7,98.4,3.3,8.4,8.6,2.4,3,7.0,Sí
634,16,Femenino,4,2,No,0,Sí,Sí,3.62,67.7,12.4,65.8,67.5,7.1,5.3,6.8,2.9,2,3.4,No
635,34,Masculino,2,3,Sí,22,No,Sí,3.09,40.0,19.5,29.3,30.9,14.2,3.7,7.1,2.1,2,3.9,No
636,28,Femenino,9,3,No,0,No,Sí,2.5,70.1,11.9,75.2,74.4,5.2,7.0,3.7,2.8,6,5.2,No
637,28,Masculino,10,3,Sí,43,No,Sí,2.53,40.0,11.9,36.5,20.3,4.4,4.1,5.8,3.3,8,4.6,No
638,19,Masculino,7,4,No,0,No,Sí,3.26,91.5,7.4,100.0,93.3,5.6,10.0,5.0,5.0,6,5.9,Sí
639,16,Masculino,7,4,Sí,28,Sí,No,3.4,95.7,3.7,100.0,87.8,3.2,9.5,6.3,1.5,4,7.7,Sí
640,32,Masculino,6,2,No,0,No,Sí,4.06,79.4,21.9,74.6,61.4,14.1,7.9,6.0,4.8,4,4.8,Sí
641,23,Femenino,3,3,Sí,41,No,Sí,2.74,72.2,1.4,66.0,50.6,0.8,8.6,5.9,4.3,4,2.3,No
642,17,Femenino,6,2,No,0,No,Sí,3.71,80.2,10.0,86.2,79.9,6.2,8.0,5.6,1.8,2,1.1,Sí
643,23,Femenino,8,2,Sí,42,No,Sí,3.31,65.5,11.4,66.3,66.5,6.7,5.1,7.4,2.0,8,2.4,No
644,22,Masculino,8,4,No,0,No,Sí,4.05,92.4,20.4,95.4,81.2,11.6,7.9,4.7,3.6,4,2.4,Sí
645,17,Masculino,9,5,Sí,42,Sí,Sí,4.22,93.0,30.9,100.0,100.0,26.8,8.0,5.5,2.2,4,6.3,Sí
646,18,Masculino,1,3,No,0,No,Sí,2.82,41.8,21.2,39.6,42.6,12.5,2.7,6.8,6.0,3,4.9,No
647,33,Masculino,1,4,Sí,12,Sí,Sí,4.39,91.0,17.8,82.4,80.1,6.2,10.0,8.0,3.0,3,5.1,Sí
648,27,Femenino,3,5,Sí,16,No,Sí,3.66,75.9,7.8,66.1,87.7,5.9,6.3,5.7,1.6,2,6.4,Sí
649,16,Masculino,3,4,No,0,No,Sí,4.07,92.8,7.3,91.4,89.0,3.9,9.2,8.1,1.7,4,7.7,Sí
650,27,Masculino,10,2,Sí,31,No,Sí,2.91,78.0,8.8,75.2,83.2,6.4,7.9,3.5,1.4,4,4.6,No
651,20,Masculino,8,5,Sí,32,Sí,No,3.64,65.6,14.2,72.5,74.6,9.2,6.3,6.8,2.9,5,6.5,No
652,32,Femenino,10,3,No,0,No,Sí,4.0,59.3,22.5,70.4,84.8,16.4,5.0,7.2,2.9,2,5.7,Sí
653,31,Femenino,1,3,No,0,No,Sí,2.94,73.3,15.5,84.4,95.3,5.2,7.9,5.6,3.9,9,1.9,Sí
654,30,Femenino,2,1,Sí,41,No,Sí,3.45,57.3,27.4,51.7,48.7,8.8,3.9,5.2,5.6,5,2.0,No
655,30,Masculino,2,3,No,0,Sí,Sí,3.63,66.8,14.7,60.4,57.7,7.8,5.4,7.0,3.0,3,4.3,No
656,20,Masculino,3,2,No,0,No,No,2.97,57.2,8.8,42.7,29.3,6.3,7.1,6.8,5.7,6,5.4,No
657,29,Femenino,6,2,Sí,14,Sí,Sí,2.31,40.0,5.3,40.0,41.2,2.3,2.7,5.8,2.1,3,6.0,No
658,17,Femenino,1,3,No,0,Sí,Sí,3.96,90.4,12.7,97.5,100.0,7.1,10.0,6.5,1.4,8,4.6,Sí
659,26,Masculino,2,4,No,0,Sí,No,3.34,89.8,8.0,84.1,83.5,7.1,10.0,6.1,4.5,6,1.6,Sí
660,34,Femenino,1,5,No,0,Sí,Sí,3.58,72.9,15.7,61.1,75.1,6.7,9.0,8.3,4.3,6,4.3,No
661,22,Femenino,5,3,Sí,13,No,Sí,3.65,65.5,16.9,80.6,82.0,13.6,7.6,7.6,3.4,9,1.3,Sí
662,21,Femenino,7,4,No,0,No,Sí,3.43,91.0,3.7,85.3,97.8,3.0,7.4,7.0,4.2,6,4.6,Sí
663,17,Femenino,8,4,Sí,14,No,Sí,4.35,76.4,26.1,75.5,73.9,21.8,5.8,9.1,0.9,2,6.1,Sí
664,21,Masculino,10,4,Sí,42,Sí,Sí,3.79,63.9,5.9,60.2,48.6,5.0,5.0,8.0,2.4,4,5.9,No
665,33,Masculino,1,2,Sí,14,No,Sí,4.06,91.7,9.8,81.0,74.8,5.9,8.0,8.3,5.3,2,4.0,Sí
666,17,Masculino,7,4,No,0,No,Sí,3.41,47.5,10.9,54.7,54.4,7.7,3.2,8.7,2.6,3,5.8,No
667,33,Femenino,5,5,No,0,Sí,Sí,3.25,67.0,6.8,53.1,45.6,4.6,5.9,6.6,4.2,2,2.8,No
668,30,Femenino,10,4,No,0,No,Sí,2.88,84.0,4.8,93.0,76.4,2.3,9.3,5.3,10.0,5,3.7,No
669,34,Femenino,1,3,No,0,No,Sí,3.15,70.8,13.5,72.9,52.9,6.3,7.9,4.7,5.0,4,1.7,No
670,17,Masculino,3,3,Sí,13,No,Sí,4.51,76.1,26.5,73.9,84.1,13.4,8.0,7.7,2.5,5,3.9,Sí
671,35,Femenino,7,4,Sí,48,No,Sí,3.97,86.4,11.0,84.3,88.2,4.8,8.4,5.6,1.2,6,3.4,Sí
672,21,Femenino,10,3,Sí,35,No,Sí,3.98,97.7,5.0,100.0,100.0,3.8,9.7,10.0,4.3,7,4.2,Sí
673,16,Femenino,1,2,Sí,42,Sí,Sí,3.5,77.2,6.9,72.0,73.7,6.0,8.1,5.8,1.1,6,4.5,No
674,30,Femenino,7,3,No,0,No,Sí,3.96,88.0,11.1,89.4,83.9,9.1,8.2,5.6,2.0,1,5.5,Sí
675,25,Femenino,5,4,No,0,Sí,Sí,4.06,79.8,10.9,72.7,80.6,4.7,9.2,7.7,2.1,2,1.1,Sí
676,34,Masculino,1,5,Sí,29,No,Sí,4.4,95.2,11.1,78.0,60.6,3.7,7.9,7.8,2.8,3,3.3,Sí
677,32,Masculino,1,2,Sí,25,No,Sí,4.32,92.0,8.0,97.0,76.1,6.0,8.3,9.0,3.4,3,7.0,Sí
678,20,Masculino,1,5,Sí,30,No,Sí,4.2,84.9,19.0,100.0,98.0,10.2,7.4,6.5,2.0,2,7.0,Sí
679,19,Masculino,9,3,Sí,35,No,Sí,4.24,77.3,35.0,81.8,83.1,27.8,8.3,8.2,5.1,10,5.1,Sí
680,25,Femenino,3,4,No,0,No,Sí,3.71,82.5,13.9,82.2,73.3,10.7,6.8,6.6,6.1,4,5.2,Sí
681,32,Femenino,5,4,No,0,Sí,Sí,3.48,77.4,13.7,74.2,58.2,9.3,6.6,7.5,2.7,6,2.7,Sí
682,25,Masculino,10,4,No,0,No,Sí,3.75,73.5,15.3,70.6,76.5,6.9,7.9,6.5,5.1,1,4.3,Sí
683,32,Masculino,9,5,No,0,No,Sí,4.19,63.3,19.3,60.1,56.0,7.0,5.3,9.1,2.1,1,6.6,No
684,35,Femenino,6,3,Sí,10,No,Sí,3.52,85.7,1.7,87.3,94.3,0.8,9.6,9.5,1.8,4,2.5,Sí
685,20,Masculino,9,4,Sí,18,No,No,3.25,81.8,12.3,62.7,75.8,7.4,9.2,5.4,5.2,5,5.3,No
686,17,Masculino,8,2,No,0,Sí,Sí,3.41,82.1,1.6,61.6,45.6,1.4,7.6,8.3,3.4,3,6.1,No
687,21,Masculino,8,4,No,0,Sí,Sí,4.02,74.0,23.4,77.6,79.8,7.9,7.6,5.7,3.7,1,5.1,Sí
688,17,Masculino,1,4,Sí,18,No,Sí,3.72,95.4,6.0,93.8,96.3,2.5,10.0,8.2,7.5,2,4.7,Sí
689,28,Masculino,9,4,No,0,No,Sí,2.66,44.0,5.0,36.1,43.5,3.4,5.4,8.8,4.2,4,4.7,No
690,26,Masculino,6,2,No,0,Sí,Sí,3.01,50.7,27.0,42.6,37.2,13.0,5.7,5.6,10.0,10,6.0,No
691,26,Masculino,9,5,No,0,No,Sí,3.92,84.0,22.3,79.6,80.1,18.2,10.0,5.3,3.1,6,5.4,Sí
692,31,Femenino,3,2,No,0,No,Sí,3.5,90.1,7.5,86.8,94.1,2.9,7.9,6.2,6.4,3,6.0,Sí
693,26,Masculino,3,1,No,0,Sí,Sí,3.8,95.9,7.4,100.0,100.0,6.5,10.0,8.2,2.9,3,4.3,Sí
694,34,Femenino,6,4,No,0,No,Sí,3.76,76.8,8.0,68.3,83.9,6.8,8.1,7.4,1.7,5,4.4,Sí
695,30,Masculino,9,3,Sí,33,No,Sí,2.58,40.0,8.5,46.1,37.4,7.0,5.7,6.5,4.6,7,6.1,No
696,31,Masculino,7,4,Sí,18,No,Sí,4.04,72.5,24.5,77.3,79.3,9.9,6.6,7.7,2.9,4,3.2,Sí
697,26,Femenino,3,3,Sí,22,No,Sí,3.03,96.4,5.8,94.7,93.8,2.9,10.0,6.4,8.5,6,2.7,Sí
698,31,Masculino,3,2,Sí,11,No,Sí,3.39,82.8,12.1,88.9,86.9,9.5,6.2,7.0,4.0,5,9.5,Sí
699,23,Masculino,2,4,No,0,No,Sí,5.0,97.4,29.1,100.0,100.0,22.8,9.3,7.5,4.8,4,5.8,Sí
700,19,Masculino,9,3,No,0,Sí,Sí,3.71,92.9,9.3,82.8,84.0,6.7,9.6,7.4,1.4,4,4.5,Sí
701,23,Femenino,3,2,Sí,28,Sí,Sí,4.15,81.2,35.0,76.5,65.8,19.9,8.9,8.8,4.3,6,3.6,Sí
702,19,Masculino,5,4,No,0,No,Sí,2.97,73.7,6.4,76.8,86.3,3.1,4.9,5.4,2.9,6,3.2,No
703,18,Masculino,9,3,Sí,31,No,Sí,3.79,94.8,3.7,90.0,95.9,3.2,8.0,7.9,2.0,5,4.9,Sí
704,18,Femenino,8,3,Sí,20,Sí,Sí,2.96,88.8,5.4,93.7,100.0,2.1,7.6,5.7,6.1,6,4.8,Sí
705,33,Masculino,2,3,Sí,42,No,Sí,3.2,67.3,12.8,76.6,83.9,4.2,5.6,6.3,1.6,5,5.9,Sí
706,34,Femenino,3,4,Sí,41,Sí,Sí,3.43,92.4,4.8,92.2,90.1,1.5,8.3,6.6,3.6,7,2.4,Sí
707,34,Femenino,2,4,Sí,30,No,Sí,4.13,72.8,25.4,68.0,65.9,19.5,7.5,6.3,2.2,4,2.5,Sí
708,20,Femenino,8,4,No,0,Sí,Sí,3.12,96.2,9.5,90.4,100.0,3.2,10.0,5.2,3.4,7,5.5,Sí
709,33,Masculino,6,2,Sí,29,No,Sí,3.39,72.7,11.9,69.8,62.1,7.4,6.8,6.3,2.6,4,5.8,No
710,25,Femenino,6,4,No,0,No,Sí,3.77,96.2,1.2,92.7,83.7,0.6,10.0,7.1,2.7,1,6.8,Sí
711,21,Masculino,9,4,Sí,46,Sí,Sí,3.7,97.0,10.5,100.0,100.0,4.1,9.8,6.6,3.1,7,8.3,Sí
712,16,Masculino,8,4,Sí,18,No,Sí,3.97,81.4,11.5,76.7,61.7,8.5,7.9,8.6,1.9,1,4.5,Sí
713,20,Masculino,4,3,Sí,34,No,Sí,3.05,80.0,4.3,78.6,82.1,1.4,9.3,6.7,5.0,3,6.3,Sí
714,24,Femenino,4,5,No,0,No,Sí,4.37,95.5,14.4,100.0,100.0,7.1,9.4,6.8,4.2,5,2.9,Sí
715,27,Masculino,9,4,Sí,42,Sí,No,3.2,77.4,13.4,74.8,72.3,8.5,6.8,7.0,1.8,4,0.0,No
716,29,Masculino,1,2,No,0,No,Sí,3.5,75.9,7.9,72.4,86.4,4.3,9.2,6.6,6.1,5,3.0,Sí
717,17,Masculino,2,3,No,0,Sí,Sí,3.37,90.1,4.8,97.1,100.0,2.2,9.0,7.4,4.4,3,4.0,Sí
718,32,Femenino,2,5,No,0,No,Sí,4.21,79.3,28.4,88.5,80.8,24.3,10.0,6.2,3.2,6,9.3,Sí
719,29,Femenino,6,1,No,0,No,Sí,3.62,83.8,11.7,84.2,90.7,10.0,8.0,5.4,1.5,5,1.7,Sí
720,28,Femenino,4,6,Sí,15,No,Sí,3.72,97.3,11.1,100.0,100.0,6.1,8.1,6.7,2.2,4,6.5,Sí
721,24,Masculino,10,4,Sí,26,No,Sí,3.87,79.4,13.6,80.8,81.6,7.3,7.0,7.3,1.2,3,3.8,Sí
722,30,Masculino,3,3,Sí,34,Sí,Sí,3.24,73.6,9.0,80.6,76.3,4.3,6.6,7.0,3.3,7,6.0,No
723,30,Femenino,3,2,No,0,Sí,Sí,3.38,68.6,15.0,84.2,73.2,12.2,6.7,5.7,4.6,4,5.1,No
724,26,Masculino,3,2,Sí,13,No,Sí,4.15,83.3,11.0,78.3,72.7,7.1,7.4,7.0,2.1,3,3.2,Sí
725,31,Masculino,6,5,Sí,39,Sí,Sí,4.03,90.8,6.8,86.6,75.8,2.4,7.6,7.6,3.0,7,7.0,Sí
726,32,Femenino,8,2,No,0,Sí,No,4.58,87.0,35.0,93.3,100.0,28.4,8.3,7.0,4.9,1,5.9,Sí
727,19,Femenino,7,4,Sí,12,No,Sí,3.73,84.9,8.5,83.6,81.1,5.3,8.6,5.9,2.2,2,5.0,Sí
728,16,Femenino,4,3,No,0,Sí,Sí,3.76,84.2,6.0,76.7,81.9,3.3,8.9,6.9,4.0,4,5.6,Sí
729,23,Femenino,4,2,No,0,No,Sí,3.39,78.8,7.0,76.0,88.6,3.5,7.9,8.8,8.6,4,4.2,Sí
730,32,Femenino,10,1,Sí,35,Sí,Sí,3.0,56.2,8.5,44.8,47.0,3.1,7.3,5.6,4.3,4,1.1,No
731,18,Masculino,2,3,Sí,45,No,Sí,4.62,93.8,7.9,94.0,100.0,6.9,9.5,8.1,1.8,5,5.2,Sí
732,35,Masculino,1,6,Sí,17,No,Sí,3.4,94.4,13.3,95.8,92.2,9.9,6.8,4.1,3.0,2,9.5,Sí
733,30,Femenino,9,3,No,0,No,Sí,3.79,87.0,12.3,95.7,99.6,4.7,9.0,6.1,4.3,3,6.7,Sí
734,30,Masculino,2,3,No,0,Sí,Sí,3.99,84.3,26.5,93.8,95.8,16.1,8.4,6.3,3.9,2,5.6,Sí
735,29,Femenino,8,3,No,0,No,Sí,3.88,89.1,11.3,86.6,79.6,7.1,9.8,8.1,1.8,5,5.8,Sí
736,29,Masculino,9,3,No,0,No,Sí,3.51,74.9,6.7,91.8,88.7,2.7,6.1,8.9,3.7,5,5.0,Sí
737,17,Masculino,4,3,No,0,No,Sí,4.35,82.2,21.7,73.6,87.8,12.1,9.5,8.1,2.7,5,0.5,Sí
738,28,Femenino,8,5,Sí,13,No,Sí,4.02,79.6,5.0,68.4,64.9,3.5,8.3,7.4,2.4,5,2.9,No
739,29,Femenino,9,3,Sí,31,No,Sí,3.4,80.8,5.2,70.9,54.3,2.4,8.2,8.1,4.0,5,4.9,No
740,34,Femenino,10,3,No,0,Sí,Sí,2.84,54.2,9.7,44.9,41.4,4.8,6.5,5.2,7.3,6,6.8,No
741,22,Masculino,10,2,Sí,41,No,Sí,3.75,92.3,8.9,98.4,90.9,3.3,10.0,7.9,2.1,4,8.7,Sí
742,18,Femenino,5,6,Sí,33,No,Sí,2.87,78.2,2.1,91.7,96.2,1.2,9.1,5.5,3.8,6,2.8,Sí
743,30,Masculino,7,2,No,0,No,Sí,4.36,77.5,22.8,91.3,97.4,14.9,4.9,5.9,2.9,1,6.3,Sí
744,29,Masculino,10,1,Sí,46,Sí,Sí,3.59,81.5,2.8,66.5,70.0,1.0,6.4,7.3,4.1,5,0.5,No
745,26,Masculino,4,4,No,0,No,Sí,2.75,58.3,2.8,65.2,61.1,1.9,5.3,5.3,3.2,1,4.3,No
746,30,Masculino,1,3,No,0,No,No,3.56,84.6,4.5,96.8,97.4,2.4,7.0,8.3,2.3,5,4.9,Sí
747,28,Masculino,3,3,Sí,42,Sí,Sí,3.44,77.5,4.4,85.5,82.3,3.1,6.9,6.8,2.2,6,8.4,Sí
748,33,Femenino,5,3,No,0,Sí,No,2.86,65.1,14.6,60.1,45.6,7.2,6.5,5.2,3.8,9,3.4,No
749,21,Femenino,3,4,Sí,21,Sí,Sí,3.51,68.5,8.9,69.9,68.7,5.7,6.3,8.6,3.2,4,4.3,Sí
750,18,Femenino,7,2,Sí,20,No,Sí,2.95,63.1,4.5,55.5,81.9,3.0,6.3,6.5,4.1,3,7.0,No
751,34,Masculino,9,4,Sí,33,Sí,Sí,4.11,92.1,20.4,98.0,87.7,14.6,10.0,6.6,1.4,7,3.5,Sí
752,30,Femenino,6,4,Sí,17,No,Sí,3.77,82.1,22.9,70.4,51.8,17.3,10.0,6.5,5.2,6,3.9,Sí
753,20,Femenino,10,3,No,0,No,Sí,2.5,88.7,7.6,94.2,100.0,2.9,9.3,3.3,6.1,6,2.1,No
754,25,Femenino,1,3,Sí,47,No,Sí,4.53,89.7,15.0,84.1,88.5,13.2,10.0,8.3,3.2,6,6.2,Sí
755,22,Masculino,7,2,Sí,31,No,Sí,3.43,80.4,1.7,83.3,86.3,1.3,7.6,6.8,4.2,5,2.1,No
756,32,Masculino,3,4,Sí,43,Sí,Sí,3.48,57.3,22.1,55.3,51.7,14.1,5.0,7.0,4.9,6,7.1,No
757,22,Masculino,5,3,No,0,No,Sí,4.07,92.5,17.9,89.7,91.9,15.0,9.2,7.6,2.7,5,2.5,Sí
758,27,Masculino,10,3,No,0,No,Sí,3.79,92.1,3.7,99.7,100.0,2.0,8.8,6.4,3.4,5,3.5,Sí
759,32,Masculino,4,3,Sí,23,Sí,Sí,4.19,99.3,25.4,100.0,100.0,8.1,10.0,5.5,3.8,7,2.7,Sí
760,28,Femenino,10,6,Sí,42,Sí,Sí,3.06,63.8,15.8,56.9,66.1,11.7,6.4,5.7,2.3,9,4.4,No
761,35,Masculino,5,3,Sí,19,No,Sí,3.31,58.5,2.5,59.9,66.0,2.2,7.7,7.8,3.2,2,7.2,No
762,19,Masculino,5,5,Sí,25,No,Sí,3.45,77.0,6.4,68.3,61.5,2.5,7.8,6.8,1.1,6,3.6,No
763,25,Masculino,6,3,No,0,No,Sí,3.9,83.2,11.3,79.5,81.8,7.8,7.5,8.0,2.2,6,3.0,Sí
764,18,Masculino,10,1,No,0,Sí,Sí,3.03,40.0,7.1,34.2,28.0,5.6,3.4,8.2,6.2,5,5.0,No
765,24,Masculino,10,2,Sí,37,No,Sí,3.38,54.6,11.8,44.5,56.8,10.0,4.7,7.9,3.6,7,4.9,No
766,28,Masculino,6,3,Sí,25,Sí,Sí,4.06,58.5,18.0,67.0,59.8,8.4,6.7,8.3,2.0,2,6.4,Sí
767,33,Masculino,8,2,Sí,42,No,Sí,3.58,49.1,15.5,49.9,48.6,5.8,4.8,5.9,1.6,5,2.4,No
768,30,Femenino,8,1,No,0,No,Sí,3.79,80.9,15.7,76.5,65.6,7.0,8.2,7.5,10.0,2,5.5,Sí
769,19,Femenino,9,5,Sí,30,No,Sí,4.05,40.0,26.6,39.5,34.6,17.2,4.5,6.2,2.1,4,7.5,No
770,30,Masculino,8,4,No,0,Sí,Sí,3.91,90.8,7.4,100.0,94.9,6.3,9.7,5.5,2.3,3,3.0,Sí
771,17,Masculino,2,4,No,0,No,Sí,3.4,80.2,2.6,88.4,86.9,1.7,9.3,7.4,4.1,2,5.4,Sí
772,30,Femenino,10,2,Sí,18,Sí,Sí,3.42,65.0,14.4,69.5,60.5,12.2,6.9,7.7,2.0,2,3.0,No
773,23,Masculino,1,2,No,0,No,Sí,4.5,82.5,25.5,77.2,89.3,19.5,7.1,6.4,3.6,3,7.2,Sí
774,23,Masculino,10,1,No,0,No,Sí,3.56,88.3,14.3,89.2,87.4,9.4,8.2,6.9,3.0,5,8.4,Sí
775,32,Femenino,2,4,No,0,Sí,Sí,3.84,88.2,5.1,79.4,74.1,1.6,8.2,7.6,1.7,3,2.6,Sí
776,27,Masculino,2,5,Sí,17,No,Sí,3.71,79.7,13.8,79.0,86.7,6.9,7.1,6.1,3.1,6,5.6,Sí
777,34,Femenino,3,3,Sí,25,No,Sí,3.58,84.0,11.1,91.8,100.0,3.7,9.6,7.8,3.5,3,5.7,Sí
778,25,Masculino,10,2,No,0,No,Sí,2.92,51.0,13.0,60.3,56.2,6.4,4.9,5.7,1.8,4,5.3,No
779,24,Masculino,7,3,No,0,No,Sí,3.25,75.8,5.7,70.7,68.3,1.9,7.8,7.3,3.9,1,4.5,No
780,20,Masculino,2,3,No,0,No,Sí,3.67,75.9,7.7,82.5,75.2,3.1,8.0,5.3,4.3,4,3.9,Sí
781,21,Femenino,1,3,No,0,No,Sí,4.41,89.9,11.7,95.0,100.0,6.4,9.2,8.4,1.8,2,1.9,Sí
782,35,Masculino,6,3,No,0,Sí,Sí,3.31,43.9,20.1,42.0,51.6,12.3,4.8,7.6,3.8,2,4.7,No
783,17,Masculino,9,4,No,0,No,Sí,3.61,77.5,9.5,83.5,83.0,4.1,10.0,9.2,3.4,1,6.7,Sí
784,28,Femenino,3,2,Sí,25,No,Sí,3.3,61.3,19.0,71.1,66.7,14.1,6.9,5.7,2.5,3,7.2,No
785,21,Masculino,6,1,No,0,No,Sí,3.47,93.0,6.7,99.8,100.0,4.4,8.2,7.6,2.6,10,5.4,Sí
786,20,Masculino,3,6,No,0,No,Sí,4.43,85.1,35.0,76.6,84.0,25.0,8.9,6.8,3.7,5,3.0,Sí
787,16,Femenino,1,2,No,0,No,Sí,3.77,93.7,6.9,91.5,100.0,5.1,9.5,5.0,2.2,3,2.4,Sí
788,21,Masculino,5,1,No,0,Sí,Sí,3.15,80.0,7.7,83.2,77.4,5.6,6.3,6.9,4.0,4,3.8,Sí
789,21,Femenino,10,2,Sí,17,Sí,Sí,4.31,88.8,14.5,82.4,90.9,12.5,6.0,7.5,2.0,6,1.2,Sí
790,31,Femenino,4,1,No,0,No,Sí,3.71,80.1,13.7,92.6,93.7,6.1,8.2,9.2,2.1,3,0.0,Sí
791,19,Femenino,7,3,No,0,No,Sí,4.14,94.8,20.2,97.4,80.0,9.3,9.1,6.2,1.6,5,2.3,Sí
792,26,Masculino,6,4,Sí,14,No,Sí,3.6,68.5,14.4,64.9,80.1,5.1,5.5,7.4,1.3,2,5.6,Sí
793,24,Femenino,10,3,No,0,No,No,4.1,87.6,8.2,83.4,86.4,5.3,8.1,7.2,3.2,1,1.7,Sí
794,18,Masculino,7,3,Sí,27,Sí,Sí,4.28,77.0,19.7,71.4,77.5,10.6,7.4,6.6,1.1,5,5.7,Sí
795,34,Femenino,5,4,Sí,40,No,Sí,3.87,92.8,6.5,98.5,100.0,3.9,8.6,6.7,3.5,4,3.3,Sí
796,23,Masculino,4,3,Sí,42,No,Sí,3.81,78.4,13.4,85.0,91.0,5.4,8.2,7.7,2.9,7,7.4,Sí
797,20,Masculino,7,5,Sí,27,No,Sí,3.2,83.5,3.4,78.2,68.6,2.3,8.6,6.7,7.7,2,3.8,Sí
798,19,Masculino,7,5,No,0,No,Sí,4.77,89.7,30.1,100.0,100.0,20.2,9.9,6.5,4.1,4,4.1,Sí
799,21,Femenino,6,1,No,0,No,Sí,3.79,94.8,17.9,91.7,96.6,8.2,10.0,6.2,3.9,3,3.5,Sí
800,17,Femenino,8,4,No,0,No,Sí,3.77,84.6,14.4,78.2,61.5,8.3,9.2,5.0,2.1,3,3.5,Sí
801,35,Masculino,4,3,No,0,No,Sí,3.89,72.9,8.7,76.7,93.4,7.3,6.5,7.9,2.3,5,5.2,Sí
802,26,Masculino,10,6,Sí,16,No,Sí,3.96,90.1,9.6,80.5,76.7,7.3,9.2,6.2,2.4,4,5.6,Sí
803,19,Femenino,5,3,Sí,23,No,Sí,3.46,68.4,3.0,57.5,67.4,1.3,4.9,8.3,3.0,5,4.9,No
804,30,Masculino,4,6,No,0,No,Sí,4.54,97.6,17.4,90.0,86.6,14.4,9.2,8.3,2.2,6,2.5,Sí
805,21,Masculino,1,4,Sí,41,No,Sí,3.89,73.1,6.1,66.8,61.5,2.1,4.3,9.7,4.0,5,5.8,No
806,32,Femenino,8,2,No,0,No,Sí,4.73,98.9,31.0,100.0,99.2,17.0,9.5,7.3,2.5,5,2.6,Sí
807,21,Masculino,1,3,No,0,No,Sí,3.94,84.2,4.5,73.8,95.1,1.6,7.8,7.5,5.2,1,2.8,Sí
808,34,Femenino,5,6,No,0,No,Sí,4.25,75.7,7.5,78.6,98.8,6.4,8.4,7.5,2.0,1,3.9,Sí
809,17,Masculino,6,4,No,0,Sí,Sí,3.08,85.4,9.0,92.1,86.8,2.9,7.4,7.1,4.4,6,6.6,Sí
810,30,Masculino,6,2,Sí,25,No,Sí,3.42,77.9,12.4,89.4,100.0,4.8,8.0,8.2,7.9,6,2.7,Sí
811,26,Masculino,5,4,Sí,21,No,Sí,3.02,66.3,11.5,62.4,62.6,9.7,6.2,6.7,7.3,2,5.7,No
812,23,Femenino,3,3,No,0,No,Sí,3.28,48.4,16.6,45.1,65.3,10.8,4.3,7.5,2.0,4,0.0,No
813,34,Masculino,5,1,Sí,46,No,Sí,3.74,66.6,23.1,82.8,94.4,18.0,5.7,6.7,5.3,5,6.0,Sí
814,28,Femenino,8,3,No,0,Sí,Sí,2.95,62.6,5.8,73.4,76.2,1.8,6.6,5.2,1.0,8,7.1,No
815,27,Masculino,2,2,Sí,34,Sí,Sí,3.57,82.9,2.8,80.7,81.5,1.5,8.1,7.7,1.4,4,6.2,Sí
816,20,Femenino,6,4,No,0,Sí,Sí,3.54,61.9,25.8,71.1,77.1,22.9,5.0,3.5,4.1,4,4.9,No
817,21,Masculino,9,3,No,0,No,Sí,3.16,50.8,16.3,52.8,57.6,10.6,5.2,7.5,3.7,5,3.6,No
818,19,Masculino,8,4,No,0,No,Sí,3.39,73.9,6.6,74.0,63.0,5.3,7.8,8.1,4.1,5,3.1,No
819,34,Femenino,8,1,Sí,21,No,Sí,3.23,60.9,2.8,80.8,82.8,2.5,7.9,7.5,2.4,6,3.3,No
820,35,Masculino,8,3,Sí,12,No,Sí,3.36,81.4,11.0,90.0,83.5,7.8,7.4,5.9,1.7,8,3.8,Sí
821,16,Masculino,7,2,No,0,No,Sí,3.97,83.0,17.9,98.1,92.8,8.9,7.8,8.7,1.2,4,6.9,Sí
822,35,Femenino,8,2,Sí,42,Sí,Sí,4.1,67.7,5.0,59.2,70.3,2.4,5.2,9.0,2.0,5,4.8,No
823,32,Masculino,6,1,No,0,Sí,Sí,4.22,94.9,13.2,100.0,100.0,4.5,9.0,7.6,4.2,5,6.6,Sí
824,27,Femenino,2,2,No,0,No,Sí,3.86,84.7,8.7,83.5,78.9,4.9,7.2,9.0,4.6,6,10.0,Sí
825,30,Masculino,2,3,No,0,No,Sí,3.92,70.2,7.9,68.9,56.8,6.7,8.3,9.3,3.5,5,8.3,No
826,16,Femenino,8,2,No,0,No,Sí,3.97,87.2,19.4,90.3,82.5,11.4,9.3,6.0,3.3,6,5.0,Sí
827,29,Masculino,1,3,Sí,48,No,Sí,2.24,54.4,3.4,58.5,57.9,2.9,4.1,5.7,7.0,2,3.9,No
828,21,Masculino,6,3,No,0,No,Sí,4.05,92.9,15.6,100.0,100.0,12.3,8.1,7.7,6.1,5,6.7,Sí
829,20,Femenino,6,5,No,0,Sí,Sí,2.79,71.2,12.6,78.2,67.7,11.2,6.5,3.0,4.8,3,6.7,No
830,26,Femenino,4,5,Sí,26,No,Sí,3.69,79.2,13.0,73.9,76.9,11.3,9.5,6.5,5.4,2,6.1,Sí
831,19,Masculino,10,3,No,0,No,Sí,3.83,92.7,9.7,84.7,88.8,7.0,8.5,6.0,3.6,3,8.0,Sí
832,28,Masculino,3,3,No,0,No,Sí,3.59,86.1,7.9,84.6,96.8,6.5,8.4,6.6,3.8,10,3.1,Sí
833,26,Femenino,3,2,Sí,14,Sí,Sí,3.21,86.3,7.1,86.2,87.4,5.3,10.0,5.3,2.0,4,5.6,Sí
834,18,Masculino,1,5,Sí,23,No,Sí,3.91,81.6,21.8,82.4,86.4,15.7,8.7,6.6,3.6,1,4.9,Sí
835,16,Femenino,3,1,No,0,No,Sí,3.71,76.8,9.8,87.8,99.6,7.2,5.9,7.5,2.2,1,6.4,Sí
836,21,Femenino,4,2,Sí,32,Sí,No,4.09,80.9,8.4,82.4,74.6,6.1,5.9,8.9,5.6,5,4.1,Sí
837,33,Masculino,5,2,No,0,No,Sí,3.87,85.6,14.1,100.0,100.0,7.5,8.7,7.4,4.1,2,5.7,Sí
838,25,Masculino,3,3,No,0,Sí,Sí,4.04,80.1,25.5,91.7,77.8,14.1,10.0,4.7,2.4,3,1.4,Sí
839,20,Femenino,6,2,Sí,32,No,Sí,3.16,60.4,13.9,58.0,58.7,6.6,7.7,6.9,4.3,8,5.0,No
840,25,Masculino,5,4,Sí,36,No,Sí,3.78,86.4,12.0,72.2,69.8,4.7,9.1,8.5,5.3,5,8.4,Sí
841,27,Masculino,3,2,No,0,No,Sí,3.89,89.3,10.7,100.0,92.8,6.1,9.9,6.6,1.9,3,4.0,Sí
842,17,Femenino,6,3,Sí,34,No,Sí,4.18,79.8,17.5,77.6,87.3,14.7,9.0,7.6,2.6,6,4.8,Sí
843,28,Masculino,6,2,No,0,Sí,Sí,4.3,97.6,8.9,100.0,100.0,6.1,7.8,8.3,1.8,5,7.1,Sí
844,23,Femenino,8,1,Sí,25,Sí,Sí,3.59,79.4,18.6,74.1,84.8,6.2,8.2,7.0,2.9,4,5.9,Sí
845,17,Masculino,2,5,No,0,Sí,Sí,3.94,80.4,20.1,93.2,97.0,15.8,9.6,7.2,5.9,6,1.6,Sí
846,35,Masculino,1,2,No,0,Sí,Sí,3.89,84.0,2.4,90.8,78.5,2.1,10.0,7.5,3.0,5,4.7,Sí
847,16,Masculino,4,4,Sí,31,No,Sí,4.16,96.0,18.6,87.3,84.1,14.8,10.0,6.3,4.0,5,5.8,Sí
848,20,Masculino,7,3,Sí,26,Sí,Sí,4.34,89.4,20.4,73.8,83.8,15.0,7.3,6.6,2.3,7,7.7,Sí
849,24,Masculino,10,1,Sí,32,No,Sí,3.86,94.2,9.2,95.7,100.0,3.6,10.0,5.7,4.6,8,7.4,Sí
850,32,Masculino,3,5,Sí,45,No,Sí,2.79,54.6,3.4,58.5,70.5,1.7,6.1,6.2,2.9,6,4.9,No
851,24,Femenino,3,2,No,0,No,Sí,3.99,88.3,11.2,94.4,97.6,7.1,9.9,7.8,4.4,1,6.3,Sí
852,26,Masculino,5,4,No,0,No,No,3.57,73.2,11.9,67.0,65.1,4.1,7.8,7.4,4.6,6,4.8,Sí
853,30,Masculino,5,2,Sí,41,No,Sí,3.34,59.6,8.3,54.4,34.8,3.0,8.2,5.4,1.8,4,4.0,No
854,21,Masculino,10,4,No,0,No,Sí,2.99,68.4,5.2,53.3,61.9,4.4,7.1,5.7,2.1,6,7.2,No
855,18,Masculino,3,1,No,0,Sí,Sí,3.27,86.1,7.3,81.7,80.7,5.3,8.7,6.1,2.4,4,7.1,Sí
856,32,Masculino,9,3,Sí,17,No,Sí,3.75,90.1,17.8,77.0,64.5,8.3,8.7,5.1,7.3,2,5.5,Sí
857,20,Masculino,4,4,Sí,10,No,Sí,3.67,85.3,10.2,79.6,87.2,5.1,8.6,7.1,5.9,8,3.7,Sí
858,27,Masculino,3,5,No,0,No,Sí,3.38,75.0,5.6,77.6,91.8,3.0,7.8,6.0,3.2,3,4.9,Sí
859,33,Masculino,2,5,No,0,No,Sí,4.14,93.9,22.3,96.4,100.0,7.7,9.5,7.4,10.0,3,5.1,Sí
860,29,Masculino,10,4,No,0,No,Sí,3.96,67.7,18.3,62.3,69.0,13.6,7.7,8.0,1.6,4,6.8,No
861,26,Femenino,9,5,No,0,No,Sí,3.45,85.3,12.1,87.4,96.8,4.9,6.0,4.8,2.7,3,4.4,Sí
862,24,Masculino,4,2,Sí,40,No,Sí,2.99,55.1,3.8,66.9,39.6,3.0,5.3,6.1,5.4,5,5.1,No
863,17,Masculino,3,2,No,0,No,Sí,3.71,95.1,22.9,92.9,100.0,18.5,10.0,4.9,3.1,3,5.4,Sí
864,27,Femenino,7,2,No,0,No,Sí,4.01,68.2,30.2,58.0,50.0,20.6,7.2,4.6,2.0,1,4.5,No
865,18,Masculino,8,3,No,0,No,Sí,4.01,97.9,17.5,100.0,93.0,13.3,8.3,7.5,3.7,5,5.5,Sí
866,18,Femenino,2,3,Sí,14,Sí,Sí,3.26,68.7,15.8,77.4,72.7,6.4,7.5,7.1,10.0,4,5.2,Sí
867,16,Masculino,7,3,Sí,14,No,Sí,3.91,73.6,17.5,68.1,64.5,11.3,7.4,6.1,2.0,1,3.4,Sí
868,23,Masculino,5,2,Sí,26,No,Sí,4.63,88.6,31.0,83.0,98.1,21.9,9.8,5.7,2.1,2,3.9,Sí
869,23,Masculino,5,4,No,0,Sí,Sí,3.48,57.2,17.9,41.3,46.8,12.5,6.4,5.5,1.8,2,2.2,No
870,26,Masculino,3,2,Sí,18,No,Sí,3.87,91.5,2.5,87.8,81.0,0.9,9.5,7.0,2.4,6,3.5,Sí
871,24,Femenino,5,3,No,0,No,Sí,3.69,98.4,7.6,91.0,85.8,3.9,9.8,6.5,5.2,5,7.9,Sí
872,20,Masculino,2,3,Sí,34,No,Sí,2.21,40.0,9.4,27.8,52.8,4.7,4.3,5.7,6.6,5,6.3,No
873,29,Femenino,4,4,Sí,28,Sí,Sí,3.77,65.3,10.4,62.4,65.9,6.7,6.9,7.3,1.6,4,3.4,Sí
874,18,Masculino,6,4,No,0,No,Sí,3.83,86.4,12.5,86.3,82.0,9.5,10.0,7.1,4.1,6,4.6,Sí
875,20,Masculino,1,4,No,0,No,Sí,2.97,49.9,20.5,48.4,32.2,13.2,8.6,5.6,4.4,4,3.3,No
876,20,Masculino,10,2,No,0,No,Sí,3.21,61.5,8.4,58.9,42.1,6.3,4.9,6.2,2.1,8,6.5,No
877,34,Masculino,4,3,Sí,19,No,Sí,3.6,88.2,6.4,100.0,88.8,2.3,5.6,7.8,4.4,3,5.5,Sí
878,29,Masculino,6,2,No,0,No,Sí,4.3,71.1,21.6,73.6,74.5,17.9,6.5,7.7,3.6,3,6.4,Sí
879,19,Femenino,9,3,Sí,46,Sí,No,2.83,69.6,10.7,74.8,85.9,6.7,5.8,6.0,5.2,6,4.4,No
880,28,Femenino,2,3,Sí,24,No,Sí,3.67,76.2,2.3,90.7,96.9,0.8,8.6,8.8,1.0,3,7.0,Sí
881,25,Masculino,7,1,No,0,Sí,Sí,4.18,92.8,15.4,100.0,100.0,10.5,10.0,6.6,3.5,2,2.6,Sí
882,33,Femenino,6,2,Sí,22,No,Sí,2.83,63.0,4.6,60.8,66.5,2.8,7.3,7.7,4.5,6,3.8,No
883,23,Femenino,2,5,Sí,41,No,Sí,2.7,40.0,14.5,25.2,12.9,6.2,3.6,5.5,5.1,8,4.2,No
884,23,Femenino,8,5,No,0,No,Sí,3.55,66.8,8.1,63.8,68.1,6.1,7.6,6.6,4.5,2,6.6,Sí
885,22,Masculino,7,3,No,0,Sí,Sí,3.55,94.6,3.7,100.0,100.0,3.1,10.0,5.7,1.6,3,3.9,Sí
886,23,Femenino,5,1,No,0,No,Sí,3.33,80.1,10.2,88.0,86.8,5.0,8.8,4.8,6.1,2,3.1,Sí
887,29,Masculino,5,2,Sí,35,Sí,Sí,3.77,95.4,16.6,92.4,89.4,9.9,10.0,6.7,4.4,6,5.0,Sí
888,34,Femenino,7,3,Sí,19,No,Sí,4.68,89.3,19.0,88.7,87.2,7.2,8.8,6.4,3.0,5,9.9,Sí
889,21,Masculino,9,5,Sí,40,No,Sí,3.58,79.7,3.6,80.8,65.3,3.1,6.5,8.1,3.1,4,3.0,Sí
890,16,Masculino,9,2,No,0,No,Sí,3.16,73.4,6.5,68.5,55.2,3.2,8.7,6.1,7.3,3,7.5,Sí
891,30,Femenino,9,4,No,0,No,Sí,3.72,71.4,17.2,67.0,92.4,7.2,9.2,7.1,4.3,1,5.0,Sí
892,16,Masculino,6,2,No,0,Sí,Sí,2.93,62.7,8.0,57.5,45.0,4.7,4.6,6.3,3.2,5,5.0,No
893,32,Femenino,10,6,Sí,22,No,Sí,3.43,70.3,5.9,74.3,56.6,1.9,8.0,5.6,2.0,3,3.8,No
894,16,Femenino,6,3,No,0,No,Sí,3.33,80.8,15.7,72.4,65.2,7.1,7.1,7.8,2.7,5,6.3,No
895,30,Femenino,3,4,Sí,32,No,Sí,2.74,70.6,6.5,82.1,86.7,2.2,7.6,6.1,2.0,5,7.1,Sí
896,17,Masculino,1,3,No,0,No,Sí,3.47,84.9,3.7,84.8,90.4,1.4,6.8,6.3,1.3,6,8.0,Sí
897,29,Femenino,7,3,No,0,No,Sí,2.59,44.6,9.0,35.7,25.5,3.3,5.4,5.4,3.4,4,5.6,No
898,23,Masculino,4,2,No,0,No,Sí,3.73,84.2,10.8,92.4,93.4,8.9,8.9,4.8,1.2,4,3.6,Sí
899,23,Masculino,1,2,No,0,No,Sí,3.53,80.2,6.4,92.2,86.7,5.5,9.0,7.3,2.2,3,8.6,Sí
900,34,Femenino,8,5,No,0,No,Sí,3.01,80.4,2.4,100.0,100.0,1.4,8.8,6.7,2.6,2,4.1,Sí
901,22,Masculino,6,5,No,0,No,Sí,3.91,81.6,11.1,92.5,89.6,7.5,8.4,7.9,1.4,4,3.5,Sí
902,34,Masculino,6,5,No,0,No,Sí,4.15,94.9,19.1,87.9,81.0,13.7,10.0,7.4,5.0,4,5.6,Sí
903,21,Femenino,2,3,Sí,38,Sí,Sí,2.56,61.5,9.4,63.2,56.7,5.1,5.6,5.3,2.8,9,3.1,No
904,21,Masculino,1,4,No,0,No,Sí,3.93,88.5,4.2,100.0,78.0,2.2,9.5,6.8,1.0,2,4.0,Sí
905,18,Masculino,2,1,Sí,48,Sí,Sí,3.62,87.5,8.5,81.3,79.1,6.0,8.1,6.8,4.6,6,6.3,Sí
906,22,Femenino,4,3,No,0,Sí,Sí,3.83,94.4,16.9,84.2,83.5,8.9,10.0,8.0,7.3,4,10.0,Sí
907,34,Masculino,2,3,No,0,No,Sí,3.21,82.2,4.9,79.1,65.0,3.2,8.0,8.3,3.3,6,6.1,Sí
908,23,Femenino,1,3,No,0,No,Sí,2.91,49.1,10.4,41.0,37.7,6.4,5.5,4.7,4.1,1,7.4,No
909,25,Femenino,7,3,Sí,10,Sí,Sí,3.69,85.6,12.5,80.7,78.2,7.7,8.2,8.1,3.5,5,4.0,Sí
910,35,Femenino,8,2,Sí,38,No,Sí,2.82,47.5,9.2,42.2,23.6,7.3,4.4,8.0,4.0,6,5.5,No
911,30,Femenino,6,3,No,0,No,Sí,3.44,83.4,5.1,89.1,81.4,3.7,8.1,5.8,2.3,2,1.2,Sí
912,30,Masculino,4,4,No,0,No,Sí,3.68,85.6,5.2,75.2,67.2,4.5,7.0,6.7,2.1,2,2.3,Sí
913,16,Masculino,6,3,No,0,No,Sí,3.78,91.4,12.7,92.4,94.2,9.9,10.0,4.3,1.8,3,5.3,Sí
914,35,Femenino,3,2,Sí,28,No,Sí,3.3,65.3,4.4,59.1,71.6,1.7,6.6,6.7,3.2,6,5.7,No
915,22,Femenino,8,2,No,0,No,Sí,3.28,90.0,3.6,94.4,94.9,2.7,7.5,5.5,4.1,2,6.7,Sí
916,19,Masculino,10,2,No,0,Sí,Sí,4.25,94.0,15.4,99.2,100.0,10.8,8.7,7.4,4.1,4,4.6,Sí
917,21,Masculino,2,2,Sí,24,Sí,Sí,3.89,72.1,17.5,79.3,77.1,12.0,6.5,7.3,2.4,2,8.0,Sí
918,16,Masculino,5,4,Sí,42,Sí,Sí,3.12,42.1,8.5,49.2,52.9,5.0,4.7,6.7,2.7,5,6.1,No
919,20,Masculino,1,3,No,0,No,Sí,4.1,90.0,25.0,85.0,85.7,8.4,8.7,7.0,2.7,4,1.4,Sí
920,16,Femenino,6,4,No,0,No,Sí,3.13,49.3,7.4,49.2,73.4,6.5,6.0,5.9,2.3,1,1.4,No
921,19,Masculino,2,3,No,0,No,No,3.53,85.9,11.9,97.6,96.1,9.6,7.2,5.4,1.1,3,5.3,Sí
922,17,Femenino,4,4,No,0,No,Sí,4.33,91.8,19.4,95.3,100.0,11.5,9.7,9.3,2.7,4,4.5,Sí
923,25,Femenino,6,2,No,0,No,Sí,3.66,84.0,8.3,91.1,93.1,3.3,8.8,8.0,2.6,5,5.4,Sí
924,20,Masculino,10,3,No,0,Sí,Sí,3.45,69.9,22.1,60.2,71.4,17.6,6.5,7.0,2.9,3,4.3,Sí
925,25,Femenino,8,4,Sí,42,No,Sí,3.75,55.0,19.8,62.6,69.0,11.1,5.8,6.5,2.3,4,3.8,No
926,16,Masculino,8,2,Sí,14,No,Sí,4.2,85.5,17.6,70.4,73.8,9.4,8.5,9.7,3.5,3,3.5,Sí
927,21,Masculino,6,2,No,0,Sí,Sí,3.69,98.1,5.2,85.9,74.5,3.7,10.0,8.8,10.0,2,4.9,Sí
928,28,Femenino,4,5,No,0,Sí,Sí,3.87,95.3,20.0,88.1,77.6,15.1,9.6,6.5,4.4,5,6.7,Sí
929,30,Femenino,8,3,No,0,No,Sí,3.37,54.5,17.0,57.9,51.8,5.7,6.8,5.6,2.4,6,2.8,No
930,19,Femenino,8,4,No,0,No,Sí,3.73,76.7,9.7,81.5,78.6,7.4,8.7,6.9,2.7,2,4.7,Sí
931,28,Masculino,10,1,Sí,23,No,Sí,3.68,82.8,5.8,76.3,77.4,4.3,6.8,6.3,2.8,2,7.8,Sí
932,35,Masculino,1,4,No,0,No,Sí,3.37,65.2,17.7,49.8,43.6,11.6,6.4,5.7,3.2,7,1.5,No
933,30,Femenino,4,3,Sí,48,No,Sí,4.4,95.5,19.9,100.0,80.2,10.0,10.0,8.4,3.0,7,6.3,Sí
934,23,Masculino,4,1,Sí,28,Sí,Sí,3.89,88.5,9.4,93.2,100.0,3.7,9.1,7.4,2.4,5,4.6,Sí
935,20,Masculino,7,3,No,0,No,Sí,3.96,91.8,15.0,95.2,99.6,5.4,9.3,6.3,2.3,9,3.4,Sí
936,30,Masculino,7,2,No,0,No,Sí,3.52,88.7,16.3,100.0,100.0,4.9,9.0,6.3,4.1,4,3.9,Sí
937,19,Femenino,8,3,No,0,No,Sí,3.5,89.9,4.4,91.1,100.0,1.9,9.7,6.8,2.6,3,7.1,Sí
938,27,Masculino,5,2,Sí,40,No,Sí,3.24,62.5,19.8,54.5,46.5,10.8,5.8,6.2,4.0,4,4.7,No
939,28,Femenino,7,2,No,0,No,Sí,4.12,76.1,21.9,86.7,85.4,9.8,7.3,6.1,2.7,1,2.8,Sí
940,17,Femenino,8,2,Sí,18,No,Sí,4.15,86.1,5.1,82.9,84.4,2.5,9.6,9.3,1.2,3,3.3,Sí
941,34,Masculino,9,2,Sí,22,No,Sí,3.23,60.1,6.2,59.3,55.2,3.3,6.3,5.7,1.8,3,4.0,No
942,34,Masculino,3,5,No,0,No,Sí,2.47,68.1,12.1,63.8,55.9,5.9,6.6,4.1,1.3,5,6.7,No
943,19,Masculino,3,1,No,0,No,Sí,4.09,82.6,21.4,75.9,84.7,15.7,8.3,7.6,3.3,4,4.0,Sí
944,19,Femenino,4,3,No,0,Sí,Sí,3.87,79.2,22.9,75.8,78.7,13.6,8.5,8.1,1.3,1,5.0,Sí
945,26,Masculino,5,2,Sí,46,No,Sí,3.97,92.0,4.7,100.0,100.0,1.5,9.2,7.0,2.3,9,3.6,Sí
946,20,Masculino,10,3,No,0,No,Sí,3.37,71.7,13.4,63.2,55.0,5.8,7.4,4.9,2.5,3,4.2,No
947,35,Masculino,1,5,Sí,36,No,Sí,2.89,69.8,6.2,78.4,86.7,4.5,4.9,6.6,2.7,9,4.7,No
948,26,Femenino,7,2,No,0,Sí,Sí,3.01,68.3,3.8,53.5,47.2,1.8,7.1,6.2,4.7,3,3.1,No
949,25,Masculino,9,6,Sí,35,No,Sí,3.47,63.6,14.1,76.4,78.9,12.0,6.2,8.4,5.1,8,3.4,Sí
950,23,Femenino,8,2,Sí,11,No,Sí,3.68,53.8,12.7,67.5,87.3,9.2,6.5,5.8,2.1,3,4.0,No
951,21,Femenino,5,4,No,0,No,Sí,3.68,76.8,16.4,68.6,77.1,7.8,7.6,7.1,3.0,6,8.0,Sí
952,21,Masculino,4,3,No,0,No,Sí,4.31,87.0,20.9,87.7,91.0,12.7,10.0,7.5,2.4,4,5.1,Sí
953,23,Femenino,7,5,Sí,10,No,Sí,3.49,50.0,27.0,55.1,68.6,18.9,5.7,5.8,3.7,1,3.2,No
954,30,Masculino,5,3,Sí,41,No,Sí,4.43,84.0,19.8,79.2,73.5,8.3,7.5,6.1,2.9,4,6.7,Sí
955,29,Femenino,7,3,No,0,No,Sí,4.24,92.8,11.9,100.0,100.0,5.3,7.8,7.3,3.8,6,6.8,Sí
956,26,Femenino,1,2,Sí,38,No,Sí,2.75,79.7,14.0,79.8,71.5,8.4,7.9,3.0,1.7,4,3.2,Sí
957,27,Femenino,1,2,Sí,11,Sí,Sí,3.66,59.1,7.9,54.9,51.3,6.7,5.9,8.4,3.4,3,8.3,No
958,28,Masculino,10,5,Sí,47,Sí,Sí,4.57,90.2,31.0,90.8,100.0,15.7,7.0,5.6,1.5,3,5.8,Sí
959,23,Masculino,3,3,Sí,20,No,Sí,3.81,94.5,13.5,88.6,91.3,7.3,9.4,6.9,2.0,5,5.8,Sí
960,33,Masculino,2,3,No,0,No,Sí,2.43,40.0,17.7,40.2,54.2,7.3,3.6,5.2,3.2,9,5.7,No
961,16,Masculino,2,4,No,0,No,Sí,3.46,79.6,8.6,76.1,75.0,5.7,8.2,8.4,1.1,2,5.7,Sí
962,30,Masculino,7,3,No,0,Sí,Sí,4.42,79.6,21.2,73.4,85.6,15.8,10.0,6.8,1.0,1,4.8,Sí
963,23,Masculino,10,5,No,0,No,No,3.39,68.9,17.2,75.3,75.8,9.7,4.9,7.1,1.7,5,6.3,No
964,26,Masculino,2,4,No,0,No,Sí,4.12,75.2,15.9,61.7,63.0,12.0,8.7,7.5,1.9,1,4.3,Sí
965,27,Masculino,4,3,Sí,17,Sí,Sí,3.8,90.1,11.2,100.0,100.0,5.4,9.6,8.1,2.0,4,8.1,Sí
966,27,Femenino,2,5,Sí,18,No,Sí,2.48,54.8,7.1,56.6,60.2,5.2,4.9,5.5,2.3,7,1.0,No
967,19,Masculino,6,1,Sí,35,No,Sí,4.07,87.6,21.5,100.0,97.4,9.8,8.8,6.5,3.5,4,3.2,Sí
968,31,Masculino,8,2,Sí,11,No,Sí,4.46,90.3,16.4,98.0,84.1,12.6,10.0,8.3,8.0,1,5.7,Sí
969,19,Masculino,10,3,No,0,No,Sí,3.07,77.6,3.5,66.9,66.5,2.8,7.9,6.3,2.2,5,4.8,No
970,20,Masculino,4,2,No,0,No,Sí,3.79,41.9,27.2,42.4,43.8,21.1,1.9,8.4,3.6,4,4.0,No
971,20,Femenino,5,4,Sí,15,Sí,Sí,3.35,62.4,15.1,48.1,64.4,6.5,6.7,7.0,5.6,5,5.3,No
972,23,Masculino,4,5,No,0,No,Sí,3.74,94.2,13.8,86.9,64.3,9.9,10.0,6.3,5.1,6,2.6,Sí
973,25,Femenino,3,3,No,0,Sí,Sí,3.72,79.0,9.8,77.9,94.1,6.1,7.4,7.6,2.0,7,2.9,Sí
974,32,Femenino,5,3,No,0,No,Sí,3.45,89.7,5.5,84.0,94.5,4.9,10.0,6.6,4.6,6,4.7,Sí
975,24,Femenino,9,6,No,0,Sí,Sí,3.31,80.6,15.5,76.8,83.7,8.0,9.2,7.8,5.7,6,5.8,Sí
976,34,Femenino,8,3,No,0,No,Sí,3.93,52.0,28.5,46.7,48.2,21.7,6.8,6.2,6.5,3,3.6,No
977,29,Femenino,8,3,No,0,No,Sí,3.76,82.1,11.4,99.9,89.7,5.9,9.4,7.8,6.6,4,1.4,Sí
978,23,Femenino,8,3,No,0,Sí,Sí,3.45,50.0,18.6,50.9,70.4,10.0,8.1,7.3,1.7,4,5.5,No
979,24,Femenino,8,5,No,0,No,Sí,3.49,94.1,5.7,99.1,100.0,2.1,10.0,6.4,3.4,1,6.0,Sí
980,26,Masculino,7,3,Sí,35,Sí,Sí,3.58,76.9,22.0,76.5,79.0,9.8,7.9,4.6,2.1,4,2.8,Sí
981,16,Femenino,8,4,Sí,40,No,Sí,3.91,79.6,7.3,82.3,85.2,2.9,8.9,7.4,1.6,3,4.2,Sí
982,29,Masculino,8,4,No,0,No,Sí,3.42,66.7,15.1,50.3,49.2,6.0,6.8,8.1,3.8,2,6.8,No
983,20,Femenino,8,3,Sí,11,Sí,Sí,4.12,85.6,27.8,99.0,100.0,8.5,8.3,7.0,3.3,3,2.7,Sí
984,29,Masculino,10,3,Sí,34,Sí,Sí,2.48,50.8,7.3,45.0,44.6,5.7,3.8,4.1,3.3,6,4.9,No
985,19,Masculino,7,4,No,0,No,Sí,3.2,73.5,3.2,82.6,85.7,1.8,7.2,8.2,2.4,1,3.7,No
986,16,Masculino,1,3,Sí,10,Sí,Sí,2.71,74.0,2.5,83.5,87.9,1.9,8.5,7.3,10.0,4,9.4,No
987,34,Masculino,4,4,No,0,No,Sí,3.54,80.0,10.2,65.7,90.0,6.8,7.0,7.5,6.4,3,2.5,Sí
988,23,Masculino,4,5,No,0,No,Sí,3.05,87.3,6.0,87.7,78.6,4.8,9.2,6.7,2.4,3,1.4,Sí
989,30,Masculino,5,3,No,0,No,Sí,3.28,73.1,15.7,76.3,77.9,9.4,6.9,4.5,3.0,4,6.2,Sí
990,30,Masculino,10,4,No,0,No,Sí,3.68,89.9,15.5,90.8,100.0,5.5,9.1,7.5,3.8,4,4.3,Sí
991,24,Masculino,6,4,Sí,37,No,Sí,4.23,85.4,22.0,85.4,93.7,14.7,8.5,6.5,5.0,6,2.9,Sí
992,24,Femenino,4,4,No,0,No,Sí,3.4,70.9,14.8,67.4,74.2,10.4,7.4,5.9,3.8,2,4.0,No
993,25,Masculino,2,3,No,0,Sí,No,4.01,47.9,20.0,42.2,72.3,13.5,7.6,8.9,3.2,1,8.0,Sí
994,35,Masculino,6,1,No,0,Sí,Sí,5.0,98.5,35.0,100.0,100.0,27.3,9.3,7.5,1.5,3,5.0,Sí
995,24,Femenino,8,3,Sí,34,Sí,Sí,3.5,98.0,9.9,100.0,93.8,7.3,9.8,7.1,8.0,5,7.9,Sí
996,18,Masculino,8,4,Sí,27,Sí,Sí,4.17,82.3,24.2,83.8,76.4,13.6,8.0,5.8,2.2,3,2.5,Sí
997,35,Masculino,7,3,No,0,Sí,Sí,4.38,54.6,35.0,41.8,41.4,27.7,3.7,5.6,5.1,1,7.2,Sí
998,26,Femenino,6,4,Sí,27,No,Sí,3.11,58.9,5.9,56.9,52.5,4.2,7.0,7.4,3.1,6,3.1,No
999,21,Femenino,2,3,No,0,No,Sí,3.58,90.7,20.2,90.2,91.0,7.5,8.1,4.4,5.6,3,7.5,Sí
1000,17,Masculino,7,3,Sí,24,No,Sí,3.8,74.7,7.0,81.4,84.8,4.4,9.2,7.5,1.6,1,7.3,Sí
1001,22,Masculino,5,2,Sí,17,Sí,Sí,4.15,98.3,10.2,84.3,87.1,7.5,9.0,7.5,2.2,6,3.0,Sí
1002,33,Femenino,6,4,Sí,22,No,Sí,3.77,99.4,3.5,90.6,66.0,2.2,10.0,8.5,2.8,7,5.8,Sí
1003,17,Femenino,10,3,Sí,16,No,Sí,2.51,60.7,3.6,75.1,67.6,3.1,8.2,8.0,1.9,5,5.4,No
1004,32,Masculino,8,2,No,0,No,No,3.41,63.1,12.0,56.7,63.9,4.3,6.9,8.2,2.3,3,6.9,No
1005,26,Femenino,8,2,No,0,No,Sí,3.25,68.1,18.7,53.3,69.8,13.7,6.2,6.1,5.7,2,2.7,No
1006,27,Masculino,3,4,Sí,31,No,Sí,3.07,66.1,12.2,60.5,56.5,9.7,5.6,5.0,4.0,6,4.2,No
1007,34,Masculino,7,3,No,0,No,Sí,3.95,65.7,19.1,59.3,55.3,13.8,4.0,7.0,6.2,2,5.1,Sí
1008,22,Masculino,1,2,Sí,32,No,Sí,3.29,66.7,5.6,71.9,71.0,3.0,6.3,7.3,3.1,7,8.0,No
1009,35,Femenino,1,6,No,0,Sí,Sí,3.14,55.7,6.2,60.8,78.1,3.3,3.9,8.0,2.8,3,5.1,No
1010,21,Masculino,7,4,Sí,31,No,Sí,4.55,77.1,29.3,69.4,69.9,19.1,7.7,8.6,1.6,7,3.1,Sí
1011,16,Femenino,10,5,No,0,No,Sí,2.66,49.4,6.8,46.4,23.9,3.7,4.5,5.4,5.1,3,5.6,No
1012,32,Masculino,9,3,No,0,Sí,Sí,3.95,85.2,10.1,89.5,100.0,8.4,8.7,7.8,2.8,6,3.0,Sí
1013,26,Masculino,7,3,No,0,No,Sí,3.41,86.9,8.1,91.4,98.4,3.0,7.4,4.1,3.3,3,1.6,Sí
1014,33,Masculino,10,5,No,0,No,Sí,3.74,64.2,12.0,55.9,43.0,8.2,5.9,7.1,2.3,6,4.7,No
1015,32,Femenino,5,3,No,0,No,Sí,3.75,98.6,13.7,91.2,86.1,5.2,10.0,7.6,10.0,5,5.6,Sí
1016,22,Masculino,8,4,No,0,Sí,Sí,2.56,59.7,11.2,76.6,68.7,7.0,6.4,5.0,3.2,4,5.4,No
1017,32,Masculino,2,2,No,0,No,Sí,3.46,80.4,9.0,78.4,76.3,6.6,5.9,7.5,2.1,3,5.1,Sí
1018,35,Femenino,9,3,No,0,No,Sí,3.54,84.6,12.0,96.6,100.0,4.8,9.4,5.5,1.7,6,8.6,Sí
1019,24,Masculino,6,2,No,0,No,Sí,3.02,48.5,14.0,50.3,31.6,10.1,3.6,6.3,3.9,4,8.1,No
1020,32,Femenino,9,2,Sí,22,Sí,Sí,4.19,96.8,8.6,100.0,96.6,3.3,7.9,7.8,2.1,5,3.4,Sí
1021,35,Masculino,2,1,No,0,No,Sí,3.25,40.0,13.4,45.0,46.1,9.0,3.7,6.4,2.4,4,6.9,No
1022,23,Femenino,3,1,Sí,11,No,Sí,3.53,83.5,5.1,84.8,84.1,3.1,10.0,6.4,1.4,4,9.5,Sí
1023,32,Masculino,8,6,No,0,No,Sí,3.37,75.7,10.8,77.0,69.0,5.2,7.2,7.2,3.1,2,8.5,Sí
1024,22,Femenino,1,2,No,0,Sí,Sí,3.53,66.6,11.8,56.7,68.6,4.3,6.8,7.8,3.1,8,7.0,No
1025,16,Masculino,10,4,No,0,No,Sí,3.0,48.9,13.7,47.6,46.0,10.2,5.7,6.8,7.6,5,4.7,No
1026,28,Masculino,7,4,Sí,34,No,Sí,3.84,73.7,5.2,69.6,66.7,2.8,6.3,8.7,2.3,3,2.4,Sí
1027,34,Masculino,7,3,Sí,16,Sí,Sí,2.96,56.9,9.3,54.3,57.7,3.3,6.1,6.4,1.0,5,3.1,No
1028,34,Masculino,1,2,No,0,No,Sí,4.7,77.0,12.8,74.1,71.3,9.7,6.7,8.3,2.7,3,6.1,Sí
1029,32,Masculino,9,4,No,0,No,Sí,3.2,81.9,9.1,83.2,77.6,4.0,8.9,7.4,5.8,2,5.6,Sí
1030,28,Femenino,8,3,Sí,31,No,Sí,3.08,53.8,12.2,58.9,49.6,9.0,5.9,7.6,4.1,10,5.1,No
1031,31,Masculino,4,4,Sí,22,No,No,3.89,91.1,14.9,90.0,100.0,9.5,9.5,5.4,5.2,3,6.8,Sí
1032,23,Femenino,10,4,No,0,Sí,Sí,4.19,97.9,8.9,100.0,100.0,3.7,10.0,8.3,3.8,6,7.3,Sí
1033,34,Femenino,5,6,No,0,No,Sí,3.69,75.9,16.3,72.6,68.8,5.6,10.0,6.9,2.4,6,7.3,Sí
1034,33,Femenino,2,3,Sí,28,No,Sí,4.17,64.2,14.4,64.9,77.7,9.4,6.7,9.6,1.7,3,6.5,Sí
1035,16,Masculino,9,3,Sí,42,No,Sí,3.62,67.8,12.7,88.0,93.2,4.0,7.4,7.1,1.8,8,6.0,Sí
1036,29,Masculino,6,4,Sí,13,No,Sí,4.48,92.5,25.7,82.9,83.3,8.7,9.7,6.8,2.2,2,3.9,Sí
1037,34,Femenino,3,1,No,0,Sí,No,4.16,84.6,22.5,81.2,70.9,16.2,7.3,6.2,4.1,2,5.2,Sí
1038,30,Femenino,7,5,Sí,36,No,Sí,3.61,48.4,24.4,33.9,25.6,15.2,3.9,6.8,2.9,7,5.7,No
1039,33,Masculino,9,2,Sí,44,No,Sí,4.09,76.7,14.7,78.6,88.2,7.3,6.4,8.5,1.2,3,4.9,Sí
1040,17,Masculino,3,3,Sí,37,No,Sí,3.95,90.0,6.5,90.1,97.7,4.0,8.1,7.7,3.5,8,1.8,Sí
1041,32,Masculino,2,4,Sí,15,No,Sí,4.05,95.7,6.1,96.7,83.0,4.0,9.0,7.2,5.5,1,5.6,Sí
1042,33,Femenino,7,3,No,0,No,Sí,3.81,68.7,16.5,61.4,57.3,10.6,6.6,7.8,1.4,4,4.9,Sí
1043,21,Masculino,7,3,Sí,32,Sí,No,3.53,66.2,23.8,60.1,66.9,16.3,6.4,6.3,4.0,5,4.7,Sí
1044,34,Masculino,4,3,Sí,42,Sí,Sí,4.01,70.9,18.9,71.3,82.4,16.3,7.8,6.2,1.0,4,6.1,Sí
1045,19,Femenino,9,4,No,0,Sí,Sí,4.36,88.6,25.9,77.4,82.6,13.8,10.0,6.0,1.9,2,6.1,Sí
1046,16,Masculino,8,3,Sí,33,No,Sí,3.07,62.1,4.5,69.1,64.6,2.2,7.6,8.0,1.6,7,7.4,No
1047,23,Masculino,1,5,Sí,14,Sí,Sí,3.03,64.9,4.7,53.8,56.1,1.5,6.8,8.1,4.2,7,6.2,No
1048,22,Femenino,1,2,No,0,Sí,Sí,3.21,77.8,2.9,76.6,74.5,1.1,6.8,5.8,6.9,2,4.2,No
1049,18,Femenino,5,4,No,0,No,Sí,3.15,67.5,12.9,64.0,67.8,4.7,8.0,6.0,5.1,3,7.6,No
1050,25,Masculino,6,4,No,0,Sí,Sí,3.82,85.4,6.8,81.4,96.2,3.4,7.9,6.6,5.0,4,8.0,Sí
1051,25,Masculino,3,2,No,0,No,Sí,2.9,55.5,11.8,42.6,34.8,7.8,6.1,5.6,1.9,3,5.0,No
1052,34,Masculino,9,3,No,0,No,Sí,3.49,84.3,7.6,84.0,86.8,2.5,8.8,7.1,4.0,3,7.5,Sí
1053,29,Masculino,10,2,Sí,37,Sí,Sí,3.69,83.2,14.4,73.6,72.6,10.6,7.1,8.5,3.4,8,5.3,Sí
1054,17,Femenino,6,4,No,0,No,Sí,2.8,43.7,12.9,44.9,42.2,7.0,3.7,7.2,1.7,6,7.3,No
1055,16,Masculino,4,3,No,0,Sí,Sí,3.36,67.5,15.9,61.4,60.0,13.9,7.4,8.0,5.1,8,7.6,No
1056,33,Masculino,7,3,No,0,No,Sí,3.05,73.8,8.6,73.4,86.5,5.5,7.2,5.2,3.7,4,3.7,No
1057,22,Masculino,8,2,No,0,No,Sí,4.06,85.7,21.5,71.2,77.0,16.4,10.0,6.2,2.7,2,7.8,Sí
1058,23,Masculino,9,2,Sí,44,Sí,Sí,2.34,56.1,11.6,63.4,58.7,9.4,5.1,4.5,4.5,3,5.1,No
1059,16,Masculino,6,1,No,0,Sí,Sí,3.31,82.5,7.7,91.3,97.8,6.5,7.0,6.7,3.2,3,5.8,Sí
1060,18,Femenino,6,3,No,0,No,Sí,3.8,79.8,8.7,75.4,69.8,5.3,8.1,9.4,5.5,6,7.2,Sí
1061,23,Masculino,8,3,No,0,Sí,Sí,3.72,68.2,18.6,90.7,72.8,10.0,6.4,8.9,7.7,1,4.5,Sí
1062,30,Femenino,5,4,Sí,42,Sí,Sí,3.76,66.2,12.3,72.3,49.3,7.8,4.6,7.3,2.6,5,7.0,Sí
1063,20,Femenino,3,4,Sí,34,No,Sí,2.75,40.8,7.6,38.8,43.8,4.1,5.1,6.9,2.6,5,5.3,No
1064,18,Masculino,3,3,Sí,40,No,Sí,3.51,61.9,11.5,58.0,55.1,5.1,7.4,7.4,2.4,6,4.1,No
1065,34,Masculino,6,5,No,0,No,Sí,3.31,79.8,8.4,73.6,83.6,4.1,9.0,5.4,3.0,2,6.3,Sí
1066,16,Masculino,2,4,Sí,11,No,Sí,3.64,84.8,11.0,80.1,83.9,4.8,8.9,7.1,5.9,9,7.5,Sí
1067,30,Masculino,6,5,Sí,42,No,Sí,3.11,59.6,33.8,58.7,61.3,15.6,5.8,4.2,1.8,5,5.2,No
1068,23,Masculino,6,3,No,0,Sí,Sí,3.35,58.8,21.5,58.5,53.9,7.6,6.1,3.7,1.5,1,3.0,No
1069,17,Masculino,8,2,Sí,41,No,Sí,4.13,87.5,15.8,76.3,81.5,8.8,8.6,6.4,3.4,7,4.4,Sí
1070,18,Masculino,7,1,No,0,No,Sí,3.44,70.7,5.0,81.6,97.1,2.2,6.3,9.6,2.9,1,3.6,Sí
1071,29,Femenino,8,4,Sí,26,No,Sí,3.6,74.7,1.4,81.0,60.8,0.8,9.3,8.8,3.3,6,9.6,No
1072,29,Masculino,9,2,No,0,No,Sí,3.98,78.1,9.7,92.9,91.4,7.6,9.3,8.2,1.1,4,3.3,Sí
1073,26,Femenino,6,3,No,0,Sí,Sí,3.34,93.4,10.6,96.3,100.0,6.0,10.0,6.8,6.5,4,0.5,Sí
1074,31,Masculino,3,3,No,0,Sí,Sí,4.05,69.1,15.7,77.5,66.0,13.7,6.4,8.7,3.3,3,4.2,Sí
1075,19,Femenino,10,3,No,0,No,Sí,2.95,70.5,3.2,60.5,61.8,1.3,7.7,6.2,10.0,1,5.4,No
1076,35,Masculino,3,3,Sí,39,No,No,2.84,58.7,6.4,63.5,56.7,5.2,5.6,5.4,3.7,4,5.1,No
1077,20,Masculino,1,2,Sí,21,No,Sí,4.37,90.1,23.3,75.8,73.1,10.5,8.7,6.1,2.5,6,5.4,Sí
1078,29,Femenino,5,3,Sí,44,Sí,Sí,3.59,93.3,7.2,85.5,67.8,6.2,9.3,4.9,3.4,7,2.4,Sí
1079,31,Masculino,4,3,No,0,No,Sí,3.51,50.7,7.6,70.8,80.6,3.3,5.6,9.5,6.3,2,5.1,No
1080,33,Masculino,9,6,No,0,No,Sí,5.0,86.5,35.0,83.7,85.2,26.2,8.2,7.5,2.1,4,3.0,Sí
1081,22,Femenino,9,4,No,0,No,Sí,3.03,49.5,22.2,49.3,34.9,7.5,4.8,5.8,4.0,4,6.8,No
1082,25,Masculino,5,5,No,0,No,Sí,3.7,86.4,17.2,92.0,96.2,11.7,10.0,6.7,3.7,7,2.7,Sí
1083,22,Masculino,10,4,Sí,29,No,Sí,3.65,90.2,16.8,89.9,92.0,7.3,7.0,6.7,4.0,7,4.8,Sí
1084,16,Femenino,4,3,No,0,Sí,No,4.04,95.6,5.6,87.4,80.5,3.9,10.0,8.5,1.9,1,3.4,Sí
1085,34,Femenino,7,2,No,0,No,Sí,3.4,47.9,12.7,40.0,59.6,8.7,4.6,9.5,4.1,3,6.9,No
1086,31,Femenino,6,4,Sí,47,No,Sí,3.7,74.1,10.4,80.5,85.7,8.8,6.9,8.1,4.0,3,4.1,Sí
1087,34,Masculino,4,3,No,0,Sí,Sí,4.16,97.6,18.8,100.0,100.0,12.7,9.4,7.7,6.6,3,2.9,Sí
1088,19,Femenino,10,3,Sí,12,Sí,Sí,3.36,98.2,2.5,100.0,98.4,1.4,9.8,7.2,7.3,1,7.1,Sí
1089,33,Masculino,2,3,No,0,No,Sí,3.97,82.9,12.9,87.6,71.4,5.4,9.4,6.9,3.6,3,1.0,Sí
1090,17,Femenino,1,3,No,0,No,Sí,4.17,98.2,19.9,98.7,75.5,13.8,10.0,6.9,3.4,2,6.4,Sí
1091,16,Femenino,4,3,Sí,26,No,Sí,4.06,84.0,10.4,84.1,74.0,3.8,7.8,6.9,1.9,6,5.7,Sí
1092,30,Femenino,4,3,Sí,23,Sí,Sí,3.75,84.1,10.7,84.9,98.4,8.5,9.2,6.6,2.7,8,10.0,Sí
1093,20,Femenino,1,2,Sí,44,No,Sí,2.94,63.5,10.9,60.6,55.5,4.9,6.2,6.3,2.4,5,6.3,No
1094,35,Masculino,6,4,No,0,No,Sí,3.03,62.3,7.5,59.5,69.9,4.6,6.9,5.5,4.9,1,6.0,No
1095,26,Femenino,4,2,No,0,No,Sí,3.69,90.9,19.3,94.9,83.3,12.7,9.4,6.5,3.5,5,3.3,Sí
1096,25,Femenino,1,2,Sí,11,No,Sí,4.67,91.3,28.3,100.0,93.4,14.6,7.9,5.2,1.8,2,4.6,Sí
1097,17,Masculino,1,3,No,0,No,Sí,2.72,53.1,3.2,39.7,34.6,2.2,6.0,6.1,2.0,7,5.5,No
1098,18,Femenino,1,4,No,0,No,Sí,3.3,77.3,16.2,96.4,98.6,7.3,5.8,6.7,10.0,6,7.8,Sí
1099,27,Masculino,8,3,Sí,27,No,Sí,3.77,84.2,10.6,89.7,76.2,3.4,8.3,7.1,2.4,5,3.5,Sí
1100,35,Femenino,10,2,Sí,16,No,Sí,2.91,51.7,4.9,55.2,47.3,4.3,4.0,7.1,4.2,3,1.3,No
1101,20,Femenino,8,3,No,0,No,Sí,3.26,71.2,4.9,63.1,60.8,2.4,4.8,7.4,3.0,2,5.1,No
1102,20,Femenino,2,3,No,0,No,Sí,3.55,73.7,11.5,68.0,54.6,8.4,7.7,7.3,2.7,6,1.8,Sí
1103,21,Masculino,7,5,Sí,16,No,Sí,3.86,60.4,10.1,65.3,47.7,6.1,7.0,9.0,5.4,2,6.6,No
1104,24,Masculino,8,5,Sí,24,No,Sí,3.56,74.5,4.7,76.5,76.8,3.3,7.4,8.8,2.4,3,8.0,Sí
1105,17,Masculino,8,3,Sí,28,No,Sí,3.94,88.2,8.5,77.8,64.5,3.1,10.0,6.3,2.6,5,7.1,Sí
1106,27,Femenino,10,3,No,0,No,Sí,3.61,68.7,16.1,61.8,73.9,9.8,6.9,7.9,6.0,2,4.0,Sí
1107,18,Masculino,7,4,Sí,11,No,Sí,3.42,78.2,5.8,72.2,84.7,3.1,8.0,6.6,2.5,5,8.2,Sí
1108,35,Masculino,5,1,Sí,22,No,Sí,4.24,99.7,11.4,93.1,87.2,6.5,9.0,4.8,1.5,5,3.5,Sí
1109,27,Femenino,1,3,No,0,No,Sí,4.23,87.4,16.6,89.6,95.6,14.6,9.4,7.6,1.7,7,3.0,Sí
1110,32,Masculino,9,3,No,0,No,Sí,3.73,92.2,9.3,84.0,84.7,3.5,9.9,6.2,3.9,4,7.9,Sí
1111,25,Femenino,7,5,Sí,15,Sí,Sí,3.45,79.9,5.1,86.2,96.8,3.8,7.5,6.0,2.1,6,4.3,Sí
1112,29,Femenino,2,1,Sí,37,No,Sí,3.86,85.8,13.6,73.9,69.3,6.8,7.0,6.1,5.3,4,5.3,Sí
1113,32,Femenino,6,3,No,0,Sí,Sí,3.3,86.7,5.6,94.5,99.6,2.7,6.9,5.9,3.0,2,7.0,Sí
1114,33,Masculino,2,4,Sí,19,Sí,Sí,4.3,90.8,13.7,100.0,100.0,6.3,10.0,9.0,4.4,4,2.8,Sí
1115,34,Masculino,1,3,Sí,27,No,Sí,3.3,76.4,11.9,82.7,85.3,6.0,6.2,5.4,3.6,7,3.9,No
1116,32,Masculino,7,2,No,0,Sí,Sí,2.73,54.4,19.7,50.1,43.9,10.2,7.3,6.6,5.1,6,3.8,No
1117,29,Masculino,2,6,Sí,18,No,Sí,3.19,95.7,9.7,91.7,100.0,4.5,8.6,4.8,7.7,9,4.5,Sí
1118,24,Masculino,2,3,No,0,Sí,Sí,3.7,72.8,27.1,63.8,59.7,19.0,6.9,5.9,4.0,4,3.6,Sí
1119,23,Masculino,5,3,No,0,Sí,Sí,3.92,96.1,16.7,100.0,95.9,5.5,10.0,5.2,3.9,2,5.7,Sí
1120,17,Femenino,5,2,Sí,16,No,Sí,4.15,81.5,22.0,82.8,75.6,11.0,7.6,7.4,5.2,7,5.7,Sí
1121,28,Femenino,7,3,Sí,12,No,Sí,3.41,94.8,10.5,80.4,73.8,4.9,8.3,5.0,2.3,4,5.0,Sí
1122,22,Masculino,1,3,No,0,No,Sí,4.01,89.6,8.6,78.0,75.6,6.4,8.6,8.5,3.9,2,5.5,Sí
1123,24,Femenino,8,1,No,0,No,Sí,3.09,70.0,5.4,55.9,60.4,2.1,5.2,5.2,1.9,1,3.7,No
1124,26,Femenino,3,2,No,0,Sí,Sí,3.64,81.1,7.9,87.2,95.1,6.8,7.8,5.6,2.1,6,5.0,Sí
1125,29,Femenino,4,4,No,0,No,Sí,3.57,76.9,10.6,68.9,70.2,4.3,7.8,7.6,2.4,4,1.6,No
1126,19,Femenino,9,2,Sí,31,No,Sí,3.61,56.4,18.3,63.0,77.2,9.6,6.8,9.1,5.7,7,7.0,Sí
1127,28,Masculino,4,2,No,0,No,Sí,3.91,85.9,11.2,81.4,82.6,4.7,9.2,6.3,2.8,2,3.9,Sí
1128,17,Masculino,10,3,Sí,15,No,Sí,3.36,55.1,6.1,61.5,43.5,2.9,5.7,7.5,2.0,4,4.0,No
1129,20,Masculino,5,4,No,0,No,Sí,3.23,90.7,4.5,88.6,77.1,3.4,10.0,5.5,4.4,1,3.1,Sí
1130,26,Masculino,7,1,Sí,35,No,Sí,3.62,95.9,6.7,100.0,100.0,3.9,10.0,6.2,1.3,6,5.3,Sí
1131,21,Femenino,4,3,Sí,20,No,Sí,3.91,78.8,6.2,72.4,69.2,2.5,9.6,6.7,1.2,4,3.9,Sí
1132,33,Femenino,1,2,No,0,No,Sí,3.87,84.8,21.3,79.0,75.0,7.0,9.6,5.8,2.6,5,6.3,Sí
1133,25,Masculino,9,1,No,0,No,Sí,4.06,88.1,8.9,84.4,74.8,3.9,10.0,8.2,2.6,7,2.9,Sí
1134,19,Masculino,4,1,Sí,33,Sí,Sí,3.5,62.4,4.4,69.1,65.1,3.8,7.6,7.8,5.1,8,5.3,No
1135,24,Femenino,9,4,Sí,37,No,Sí,3.17,59.2,14.0,50.5,46.6,11.3,6.9,6.2,5.5,4,5.9,No
1136,21,Masculino,6,2,No,0,No,Sí,3.85,97.5,11.1,92.9,97.8,6.3,10.0,3.9,2.9,1,6.6,Sí
1137,17,Masculino,1,1,No,0,No,Sí,4.03,90.7,12.9,88.7,86.2,7.6,10.0,5.9,2.7,4,6.3,Sí
1138,32,Femenino,3,3,Sí,22,No,Sí,3.51,71.5,11.3,74.7,87.5,9.5,6.5,8.3,2.0,3,3.2,Sí
1139,20,Masculino,2,4,Sí,44,Sí,Sí,2.96,45.1,7.9,41.9,35.3,5.2,3.6,6.7,2.8,5,5.1,No
1140,21,Masculino,9,2,Sí,25,No,Sí,3.47,42.0,7.2,46.7,48.7,5.9,2.3,8.0,0.8,5,4.8,No
1141,27,Masculino,1,3,No,0,No,Sí,3.42,81.1,2.8,75.1,58.6,1.7,8.7,8.8,2.4,1,2.9,Sí
1142,25,Femenino,9,1,No,0,Sí,Sí,3.83,88.1,10.2,96.1,100.0,4.3,10.0,7.5,2.9,4,4.9,Sí
1143,21,Masculino,9,3,No,0,No,Sí,3.97,70.1,17.6,76.2,62.0,12.9,5.8,8.2,2.0,5,2.2,Sí
1144,23,Masculino,8,3,No,0,No,No,3.82,88.7,18.1,84.1,89.8,11.2,8.0,6.1,2.2,8,5.5,Sí
1145,17,Masculino,8,3,Sí,44,No,Sí,3.91,96.1,7.4,100.0,81.6,5.2,10.0,8.2,2.6,6,7.4,Sí
1146,27,Masculino,1,3,No,0,No,Sí,3.81,84.6,24.7,75.8,65.5,9.7,9.3,6.5,3.0,5,7.0,Sí
1147,28,Masculino,8,3,No,0,No,No,3.15,81.4,4.3,82.7,91.0,3.0,8.9,5.9,4.6,8,5.8,No
1148,22,Femenino,10,2,Sí,48,Sí,Sí,3.96,93.5,11.1,87.1,100.0,5.9,9.8,9.3,3.7,6,5.5,Sí
1149,25,Masculino,3,3,Sí,47,No,Sí,3.1,77.9,6.7,80.4,53.3,3.4,7.5,6.8,4.7,6,4.8,No
1150,28,Femenino,7,2,No,0,No,Sí,3.07,80.7,11.1,79.4,68.5,7.8,6.2,5.9,4.0,3,9.3,Sí
1151,32,Masculino,1,4,No,0,Sí,Sí,3.87,89.9,22.1,83.8,100.0,14.5,9.7,7.3,3.2,6,4.6,Sí
1152,29,Masculino,1,6,Sí,24,No,Sí,3.35,81.8,5.5,69.2,70.6,3.8,10.0,5.5,9.2,4,2.4,No
1153,17,Masculino,10,6,No,0,No,Sí,3.51,89.5,9.6,87.7,77.4,8.4,9.3,5.3,2.1,7,6.5,Sí
1154,26,Masculino,5,5,No,0,No,Sí,3.7,77.7,9.0,87.3,100.0,6.5,6.4,6.5,1.9,5,5.9,Sí
1155,16,Masculino,5,3,Sí,42,No,Sí,3.01,72.1,10.2,74.4,80.3,7.0,7.0,5.1,2.8,4,2.8,Sí
1156,34,Masculino,8,4,Sí,28,No,Sí,2.19,40.0,7.2,27.5,28.6,4.8,5.1,6.2,2.9,5,4.2,No
1157,19,Masculino,7,2,Sí,32,No,Sí,3.66,98.5,15.0,96.7,77.5,8.1,10.0,5.2,3.2,5,5.3,Sí
1158,34,Femenino,8,3,No,0,No,Sí,3.42,86.3,8.1,95.8,100.0,6.5,10.0,8.0,1.9,4,3.9,Sí
1159,26,Masculino,6,3,Sí,10,Sí,Sí,3.15,68.6,7.7,66.1,68.8,4.0,8.1,8.8,8.0,5,6.8,No
1160,23,Femenino,6,3,Sí,38,No,Sí,4.08,81.3,22.3,73.5,70.4,16.0,5.7,5.1,2.5,6,3.4,Sí
1161,26,Femenino,2,4,No,0,No,Sí,3.65,55.8,11.0,69.8,84.4,5.2,5.9,9.4,1.9,3,4.5,No
1162,19,Masculino,6,2,No,0,No,Sí,4.23,93.4,7.6,84.7,75.6,3.0,7.6,7.7,3.4,4,4.2,Sí
1163,32,Masculino,5,3,Sí,34,No,No,3.49,63.7,15.9,61.9,50.9,6.0,7.1,7.1,5.2,6,5.9,No
1164,22,Masculino,3,5,Sí,32,No,Sí,3.19,71.6,10.0,66.7,56.9,6.8,8.0,5.0,6.7,6,6.3,No
1165,23,Masculino,6,1,No,0,No,Sí,3.23,73.3,9.0,78.5,74.7,4.4,6.3,4.8,0.9,3,5.9,Sí
1166,18,Masculino,8,3,No,0,Sí,Sí,3.14,67.3,13.3,71.2,71.4,6.2,6.4,6.8,4.4,2,1.3,No
1167,17,Femenino,9,5,No,0,No,Sí,3.53,61.8,31.4,54.6,61.0,20.6,5.4,6.6,7.2,5,5.3,No
1168,30,Masculino,1,3,Sí,20,Sí,Sí,3.8,82.0,9.1,76.4,63.9,2.9,9.2,6.4,2.2,6,6.0,Sí
1169,20,Masculino,3,3,No,0,No,Sí,4.08,93.6,13.7,94.7,97.7,6.1,9.3,6.9,2.7,3,6.2,Sí
1170,16,Femenino,3,2,No,0,No,Sí,3.02,69.5,10.8,71.2,65.2,5.5,6.2,5.9,1.9,4,4.6,No
1171,19,Masculino,8,3,No,0,No,Sí,3.3,66.4,4.8,64.6,63.5,3.5,7.6,6.5,2.3,5,5.0,No
1172,30,Femenino,1,4,No,0,Sí,Sí,2.84,73.8,6.4,71.4,83.5,4.0,8.1,6.8,1.8,9,3.9,No
1173,35,Masculino,5,3,Sí,10,No,Sí,4.19,77.9,13.9,68.1,73.0,11.3,8.8,9.9,4.8,5,7.6,Sí
1174,34,Masculino,3,3,Sí,41,Sí,Sí,3.24,87.6,10.4,100.0,100.0,5.2,6.9,4.1,2.8,5,2.3,Sí
1175,18,Masculino,2,2,No,0,Sí,Sí,3.54,59.6,8.6,64.7,58.5,4.1,5.3,7.3,0.7,4,5.9,No
1176,35,Masculino,8,1,No,0,No,Sí,3.55,79.3,14.6,79.4,98.6,4.7,8.7,6.9,2.2,8,3.0,Sí
1177,26,Femenino,3,6,No,0,No,Sí,3.98,80.3,12.8,88.1,94.8,11.1,6.0,6.8,2.1,4,4.0,Sí
1178,32,Masculino,7,3,Sí,32,Sí,Sí,3.22,92.5,3.9,90.8,86.6,2.3,7.3,7.2,4.6,4,4.9,Sí
1179,28,Femenino,1,3,No,0,Sí,Sí,4.12,95.4,6.3,88.9,100.0,3.8,8.7,9.2,2.9,6,1.0,Sí
1180,26,Masculino,6,1,No,0,No,Sí,3.44,67.0,11.0,69.7,75.4,9.4,7.6,7.2,2.9,3,2.2,Sí
1181,17,Masculino,3,4,Sí,42,No,Sí,3.42,96.0,5.7,97.1,84.5,2.7,9.6,5.0,4.1,6,1.8,Sí
1182,24,Masculino,8,5,Sí,16,Sí,Sí,4.12,91.9,20.9,100.0,100.0,10.5,9.8,7.2,5.1,3,5.9,Sí
1183,17,Masculino,6,3,No,0,No,Sí,3.22,87.1,1.0,81.2,71.5,0.7,7.5,6.6,3.4,2,7.0,Sí
1184,24,Femenino,2,2,No,0,No,Sí,3.58,76.3,11.0,68.6,48.2,8.5,6.4,6.1,2.2,2,1.8,No
1185,24,Masculino,6,3,No,0,No,Sí,4.02,81.0,10.0,97.8,93.5,7.2,9.8,7.0,1.4,5,4.6,Sí
1186,23,Masculino,7,4,No,0,No,No,3.57,63.7,25.0,73.2,84.6,19.4,6.9,6.7,6.2,4,5.5,Sí
1187,32,Masculino,5,3,Sí,26,Sí,No,3.45,79.7,11.7,84.8,99.5,7.6,6.7,6.5,10.0,1,5.5,Sí
1188,16,Masculino,3,5,Sí,45,No,Sí,2.94,59.3,8.9,53.8,48.7,7.2,3.6,6.7,3.2,6,9.0,No
1189,26,Masculino,4,4,No,0,No,Sí,2.77,80.8,6.5,84.2,81.3,4.1,6.4,5.4,3.5,4,5.3,No
1190,23,Masculino,4,5,No,0,No,Sí,3.93,85.3,14.0,75.0,88.9,6.1,7.3,7.7,6.4,1,3.1,Sí
1191,25,Femenino,6,3,No,0,No,Sí,4.68,81.7,10.1,77.6,84.3,6.3,6.6,6.6,1.3,4,6.5,Sí
1192,22,Masculino,10,2,No,0,No,Sí,2.88,68.3,4.7,59.0,63.9,3.5,6.8,7.1,4.8,3,8.2,No
1193,18,Masculino,1,3,Sí,29,Sí,No,3.89,83.9,15.1,77.9,79.3,10.5,9.2,5.8,3.6,5,2.4,Sí
1194,18,Masculino,4,2,No,0,Sí,Sí,2.38,63.6,8.5,54.1,61.3,3.8,6.3,5.5,2.0,7,6.1,No
1195,33,Masculino,10,5,Sí,45,Sí,Sí,3.74,78.5,17.1,84.0,83.7,5.5,7.3,6.4,2.3,4,5.1,Sí
1196,20,Femenino,4,4,Sí,14,No,Sí,3.89,90.5,22.3,100.0,100.0,10.1,9.5,6.8,1.6,5,3.1,Sí
1197,27,Masculino,10,4,Sí,32,No,Sí,3.26,79.9,4.3,87.8,86.6,3.8,7.6,6.3,5.3,6,3.7,Sí
1198,27,Masculino,1,3,Sí,24,No,Sí,3.44,71.0,9.9,76.9,75.6,4.1,5.0,6.9,1.8,2,8.2,No
1199,34,Femenino,9,2,Sí,15,Sí,Sí,2.9,68.4,13.0,65.7,45.1,7.5,7.1,4.2,3.7,5,6.5,No
1200,21,Masculino,4,4,Sí,42,No,Sí,3.28,65.9,7.6,67.4,78.0,5.2,7.1,9.2,1.3,8,5.9,Sí
1201,17,Masculino,7,3,Sí,28,No,Sí,3.02,82.5,12.4,73.9,64.3,10.3,9.7,5.9,6.0,2,2.0,Sí
1202,27,Femenino,3,2,Sí,22,No,Sí,3.06,82.6,6.1,72.2,48.5,4.6,9.4,5.4,2.7,9,6.3,No
1203,34,Femenino,10,3,No,0,No,Sí,4.1,80.6,20.7,68.9,67.1,17.5,7.4,8.2,5.1,1,7.2,Sí
1204,20,Femenino,3,1,Sí,15,Sí,Sí,3.69,81.3,20.8,71.5,68.1,13.8,7.9,5.4,2.7,5,2.3,Sí
1205,27,Masculino,8,3,Sí,24,No,Sí,3.73,94.1,7.2,99.6,100.0,5.9,9.5,7.0,2.2,5,5.0,Sí
1206,32,Masculino,8,3,No,0,No,Sí,3.39,95.5,3.6,100.0,100.0,1.7,9.8,5.4,1.5,2,7.0,Sí
1207,32,Masculino,1,2,No,0,Sí,Sí,3.24,67.0,8.9,59.8,51.5,5.0,8.5,6.4,5.1,3,6.7,No
1208,25,Masculino,10,6,No,0,No,Sí,3.6,80.9,8.9,83.3,100.0,7.2,8.0,6.5,2.5,2,6.3,Sí
1209,32,Femenino,2,2,Sí,19,Sí,Sí,4.26,95.8,16.1,100.0,98.0,8.0,9.0,5.9,3.5,1,5.1,Sí
1210,30,Masculino,8,2,No,0,No,Sí,3.94,68.4,4.8,67.2,50.3,3.9,8.3,7.9,2.1,6,7.2,No
1211,27,Femenino,1,2,Sí,39,No,Sí,4.02,66.8,25.4,60.8,76.7,13.1,8.1,8.5,3.0,9,5.3,Sí
1212,31,Femenino,8,4,Sí,19,Sí,Sí,3.38,63.6,8.5,60.3,67.5,4.4,7.4,5.9,3.3,4,6.1,No
1213,34,Masculino,8,3,Sí,28,No,No,3.5,66.9,12.2,78.4,82.5,5.9,4.8,7.0,1.2,6,5.7,Sí
1214,23,Masculino,2,3,No,0,No,Sí,3.49,75.8,11.9,75.3,70.9,7.5,7.7,5.2,2.1,5,2.9,Sí
1215,32,Femenino,4,1,Sí,11,Sí,Sí,4.0,89.1,20.8,100.0,100.0,7.9,8.6,6.9,6.6,1,3.2,Sí
1216,20,Masculino,6,1,Sí,45,No,Sí,3.7,68.0,17.4,62.6,41.0,5.6,7.3,7.8,2.0,6,2.1,No
1217,31,Femenino,9,3,Sí,28,Sí,Sí,4.13,86.4,27.8,82.3,79.6,23.3,7.6,6.9,4.7,5,4.2,Sí
1218,21,Masculino,8,4,No,0,No,Sí,3.86,84.8,8.9,73.6,98.1,7.6,9.5,6.1,3.5,5,6.6,Sí
1219,23,Masculino,8,5,No,0,Sí,Sí,4.01,91.5,9.7,100.0,90.5,3.3,9.6,6.5,3.9,2,5.7,Sí
1220,33,Masculino,7,2,Sí,24,Sí,Sí,3.58,95.3,3.8,96.0,97.8,2.4,10.0,6.2,4.1,4,4.9,Sí
1221,27,Femenino,9,3,No,0,Sí,Sí,3.66,96.5,12.5,89.3,72.5,7.8,8.8,6.5,3.0,5,7.7,Sí
1222,30,Masculino,2,5,No,0,Sí,Sí,3.45,92.7,2.8,89.8,84.6,1.5,9.6,6.0,2.3,4,4.4,Sí
1223,24,Femenino,3,3,No,0,No,Sí,3.57,60.4,10.8,64.3,51.7,6.9,7.0,7.0,2.1,5,6.1,No
1224,28,Masculino,10,4,Sí,25,Sí,Sí,3.91,68.6,11.5,62.0,66.2,6.6,3.8,5.4,2.5,3,4.3,Sí
1225,30,Femenino,8,2,No,0,No,Sí,3.16,82.8,12.2,85.6,87.7,7.2,9.1,3.5,5.6,3,2.0,Sí
1226,25,Femenino,6,5,Sí,40,Sí,Sí,4.37,88.1,11.8,95.3,82.3,8.9,8.4,8.1,1.5,5,3.5,Sí
1227,31,Masculino,10,4,No,0,Sí,Sí,3.49,83.5,5.7,80.0,80.9,3.5,8.3,6.7,2.6,6,3.4,Sí
1228,22,Masculino,9,5,Sí,16,No,Sí,4.14,52.1,27.7,37.2,38.4,13.7,6.7,6.9,1.4,4,2.2,No
1229,32,Femenino,10,4,Sí,39,No,Sí,3.07,98.3,7.4,96.1,97.9,4.8,10.0,5.9,2.2,8,4.7,Sí
1230,22,Masculino,4,3,Sí,16,No,Sí,3.54,71.2,18.7,67.1,75.7,12.8,6.4,6.3,2.8,3,3.5,Sí
1231,29,Femenino,8,5,No,0,No,Sí,4.55,98.9,34.2,88.9,100.0,23.8,7.9,5.5,6.0,5,8.0,Sí
1232,30,Masculino,10,2,Sí,38,Sí,Sí,3.02,68.4,9.8,73.1,66.9,6.6,6.7,8.2,6.4,7,4.5,No
1233,22,Femenino,3,3,No,0,No,Sí,3.8,91.3,4.4,96.3,93.2,3.1,10.0,6.2,1.2,2,3.3,Sí
1234,24,Femenino,3,4,Sí,48,Sí,Sí,3.55,95.4,6.2,97.2,95.4,3.0,10.0,4.9,1.4,4,2.8,Sí
1235,34,Femenino,8,4,No,0,Sí,No,3.3,74.6,10.5,71.1,58.1,6.0,4.9,7.6,2.8,3,2.8,No
1236,31,Masculino,5,5,No,0,No,Sí,3.88,78.8,27.2,79.9,69.8,19.1,8.6,8.2,4.4,5,6.8,Sí
1237,23,Masculino,3,2,No,0,No,Sí,3.5,79.6,3.4,74.4,80.0,2.6,8.5,6.6,1.3,4,6.9,No
1238,33,Masculino,10,4,No,0,No,Sí,3.27,73.1,10.5,78.6,97.8,5.9,8.2,8.6,2.5,10,1.0,No
1239,33,Masculino,1,4,No,0,Sí,Sí,3.43,81.9,8.7,78.4,68.0,4.5,8.2,7.2,5.0,4,9.3,Sí
1240,35,Masculino,3,1,Sí,38,No,Sí,2.94,40.0,13.8,38.0,60.9,10.1,1.9,6.6,5.4,7,5.2,No
1241,22,Masculino,9,3,No,0,No,Sí,3.72,77.9,14.1,76.5,70.8,6.1,7.2,6.7,2.6,3,7.0,Sí
1242,18,Femenino,5,2,Sí,28,No,Sí,3.69,76.8,12.7,100.0,100.0,3.9,6.6,7.4,1.1,4,3.4,Sí
1243,33,Masculino,10,3,No,0,Sí,Sí,2.81,55.2,6.1,47.0,51.3,3.6,4.3,8.1,5.1,2,3.0,No
1244,25,Masculino,2,6,No,0,Sí,Sí,4.04,79.4,6.0,75.6,77.5,2.4,8.9,7.4,1.9,2,4.5,Sí
1245,22,Femenino,7,4,Sí,36,No,Sí,3.41,79.6,4.6,66.8,62.6,2.4,7.8,7.1,3.9,9,5.8,No
1246,32,Masculino,2,4,Sí,39,No,Sí,3.18,66.7,11.0,68.7,68.9,5.2,7.1,6.9,1.9,7,5.4,No
1247,29,Masculino,4,6,No,0,No,Sí,3.62,93.3,8.5,100.0,92.9,6.5,10.0,7.6,3.2,6,7.3,Sí
1248,18,Femenino,7,3,No,0,No,Sí,3.42,81.9,11.9,80.0,89.5,6.0,6.1,6.0,3.5,4,1.5,No
1249,27,Femenino,4,4,No,0,Sí,No,3.01,79.3,9.4,74.1,85.3,6.5,9.9,5.0,5.7,2,6.8,Sí
1250,28,Masculino,7,3,No,0,No,Sí,4.6,95.1,29.3,94.6,88.1,20.6,10.0,7.0,1.5,5,6.0,Sí
1251,17,Masculino,7,5,No,0,No,Sí,3.52,80.3,2.2,88.5,72.1,1.3,5.9,5.6,1.9,3,5.6,Sí
1252,18,Femenino,1,2,No,0,Sí,Sí,2.97,58.6,9.3,69.6,66.4,3.2,6.7,5.0,6.7,4,2.3,No
1253,20,Masculino,6,5,Sí,14,Sí,Sí,3.97,91.3,4.2,82.9,100.0,3.0,10.0,8.7,3.4,8,3.4,Sí
1254,26,Masculino,9,2,Sí,38,No,Sí,3.02,89.4,15.7,94.6,97.0,5.4,7.3,3.0,2.0,6,6.3,Sí
1255,23,Masculino,2,3,No,0,No,Sí,2.95,55.5,8.2,54.7,66.2,2.9,4.1,7.5,4.3,2,0.1,No
1256,27,Masculino,3,4,No,0,No,Sí,3.4,68.5,7.3,80.0,70.8,3.0,7.8,5.5,1.8,4,1.2,Sí
1257,22,Masculino,10,3,No,0,Sí,No,3.96,82.9,19.1,100.0,95.1,8.9,8.8,5.8,3.3,3,5.9,Sí
1258,30,Masculino,5,3,Sí,17,No,Sí,3.77,98.3,5.8,100.0,96.9,4.7,10.0,7.3,2.1,5,6.1,Sí
1259,32,Femenino,9,3,Sí,41,Sí,Sí,4.75,81.2,30.4,73.4,61.6,21.4,7.8,9.6,5.6,7,3.5,Sí
1260,19,Femenino,4,4,Sí,29,No,Sí,3.62,61.2,17.2,54.4,56.1,9.1,6.3,7.6,2.0,9,3.5,Sí
1261,28,Masculino,1,2,Sí,19,No,Sí,3.38,95.9,5.6,100.0,91.8,5.0,6.6,5.6,0.8,2,6.9,Sí
1262,33,Femenino,4,1,Sí,22,Sí,Sí,2.37,44.7,12.2,43.9,53.4,5.4,3.0,6.7,2.4,7,6.8,No
1263,16,Femenino,6,2,No,0,Sí,No,3.55,47.7,22.1,41.6,42.5,14.7,4.6,6.5,2.2,2,4.3,No
1264,31,Masculino,5,3,Sí,44,No,Sí,4.03,98.8,35.0,87.9,100.0,28.3,7.3,4.3,2.7,4,2.5,Sí
1265,28,Masculino,1,2,No,0,No,Sí,3.65,82.2,2.2,83.3,66.5,1.7,8.0,6.9,4.0,3,8.0,Sí
1266,25,Femenino,4,3,Sí,38,Sí,Sí,2.66,40.0,3.9,36.7,31.4,1.4,4.0,6.0,1.7,6,2.4,No
1267,27,Masculino,6,3,No,0,No,Sí,3.86,87.6,8.1,90.7,86.7,5.8,7.9,7.7,2.0,2,6.4,Sí
1268,17,Femenino,10,1,Sí,39,No,Sí,3.14,94.5,5.5,96.0,100.0,2.5,8.6,6.4,3.0,9,7.4,Sí
1269,18,Masculino,10,3,Sí,31,Sí,Sí,3.94,83.3,17.9,73.6,69.4,9.2,7.1,8.7,2.2,6,5.0,Sí
1270,25,Femenino,4,5,Sí,30,No,Sí,2.85,81.8,4.0,75.3,92.5,2.4,7.6,7.2,3.1,1,3.8,No
1271,17,Masculino,9,2,No,0,No,Sí,3.68,87.4,1.0,95.0,93.1,0.8,9.2,7.1,3.9,6,1.8,Sí
1272,28,Masculino,5,3,No,0,No,Sí,4.03,84.3,7.8,92.5,83.5,3.1,8.9,9.2,3.0,3,5.1,Sí
1273,28,Femenino,8,4,No,0,No,Sí,3.33,68.5,10.3,65.5,63.9,3.8,8.1,7.2,5.2,3,2.1,Sí
1274,33,Masculino,9,3,Sí,11,Sí,Sí,3.97,56.2,6.4,57.6,54.4,2.5,5.4,8.8,1.9,1,5.6,No
1275,18,Masculino,10,4,No,0,No,Sí,3.18,77.7,9.8,69.4,78.7,4.2,8.3,5.4,2.2,3,0.9,No
1276,22,Masculino,5,3,Sí,12,No,Sí,2.99,84.0,5.2,83.6,79.4,1.7,6.7,4.4,6.3,2,1.6,No
1277,29,Masculino,6,3,Sí,25,No,Sí,3.48,87.7,3.6,96.5,81.3,3.1,9.0,7.1,2.1,3,5.3,Sí
1278,35,Masculino,1,1,No,0,No,Sí,4.04,91.0,9.3,100.0,100.0,4.6,8.8,8.2,10.0,7,6.7,Sí
1279,32,Femenino,7,4,No,0,Sí,Sí,2.9,74.3,2.6,73.3,66.8,1.1,8.0,5.4,4.9,3,4.4,No
1280,27,Masculino,4,4,Sí,29,No,Sí,3.88,87.3,11.9,84.8,73.3,8.1,8.4,6.3,2.0,3,7.1,Sí
1281,31,Femenino,2,1,Sí,34,No,Sí,3.52,78.1,8.8,66.6,66.8,6.8,7.4,4.8,4.0,6,3.9,Sí
1282,27,Femenino,5,3,No,0,Sí,Sí,3.75,86.3,5.9,81.6,80.2,4.4,7.6,6.8,3.5,6,9.4,Sí
1283,30,Femenino,3,6,Sí,27,No,Sí,3.83,99.7,13.8,99.2,97.0,10.1,10.0,6.8,1.5,3,2.3,Sí
1284,25,Masculino,6,3,Sí,20,No,Sí,3.95,83.9,25.6,82.5,85.1,8.4,7.7,7.5,6.5,6,3.6,Sí
1285,22,Femenino,8,3,No,0,No,Sí,4.42,81.9,35.0,77.4,71.6,26.9,10.0,6.2,4.5,4,7.7,Sí
1286,35,Masculino,7,5,No,0,Sí,Sí,3.24,63.6,14.9,73.1,74.2,9.0,4.8,6.5,6.3,6,4.5,No
1287,20,Femenino,3,4,No,0,Sí,Sí,3.95,79.8,16.7,83.1,77.2,11.5,9.4,7.6,5.1,4,6.9,Sí
1288,16,Femenino,8,3,No,0,No,Sí,3.65,94.4,10.3,93.1,100.0,9.0,6.8,7.1,3.6,5,2.4,Sí
1289,32,Femenino,2,4,No,0,No,Sí,3.99,71.5,12.3,77.0,76.7,9.6,6.9,7.3,5.2,2,3.1,Sí
1290,18,Masculino,10,5,Sí,11,No,Sí,3.61,60.6,8.6,60.4,77.9,6.8,5.4,7.8,1.5,3,6.2,No
1291,28,Femenino,9,3,No,0,No,Sí,3.39,63.3,14.2,75.7,70.8,5.8,6.9,7.7,8.1,6,2.1,No
1292,29,Masculino,4,3,Sí,40,Sí,Sí,4.24,68.6,18.3,62.2,65.8,10.7,7.8,9.3,4.4,7,2.6,Sí
1293,33,Femenino,1,3,Sí,36,No,Sí,3.94,93.2,5.3,95.9,100.0,4.6,10.0,7.3,1.1,4,4.8,Sí
1294,19,Femenino,8,6,No,0,No,Sí,4.52,90.2,24.6,73.2,78.5,16.0,8.4,7.3,1.4,2,7.6,Sí
1295,33,Masculino,7,4,Sí,23,No,Sí,3.56,79.0,13.7,75.9,77.3,4.9,7.0,6.4,3.5,3,5.7,Sí
1296,20,Femenino,5,2,Sí,13,Sí,Sí,3.64,83.2,9.7,84.5,87.8,7.1,9.4,6.9,1.9,5,4.6,Sí
1297,31,Masculino,10,5,Sí,22,Sí,Sí,2.48,40.0,7.9,37.4,42.5,2.6,3.8,5.3,3.9,4,5.3,No
1298,16,Masculino,5,3,Sí,45,No,Sí,3.15,99.8,8.4,90.9,93.9,6.3,9.2,6.1,1.8,10,1.5,Sí
1299,29,Masculino,7,1,No,0,Sí,Sí,3.49,53.5,12.6,48.0,47.8,10.4,4.8,8.2,1.6,1,3.8,No
1300,30,Masculino,5,3,No,0,Sí,Sí,3.27,83.4,11.1,75.4,82.8,6.1,7.5,4.9,2.3,2,5.9,Sí
1301,24,Femenino,8,3,No,0,Sí,Sí,2.84,58.2,16.5,57.3,56.4,9.1,3.8,8.5,10.0,4,5.5,No
1302,30,Masculino,6,5,Sí,15,No,Sí,3.7,72.0,15.6,78.3,68.5,7.5,9.1,6.4,1.7,4,6.2,Sí
1303,32,Masculino,5,2,Sí,40,No,Sí,3.41,78.8,10.6,76.0,96.6,8.8,8.5,5.7,5.6,5,6.4,Sí
1304,19,Femenino,9,4,Sí,19,No,Sí,3.21,79.7,5.0,94.2,100.0,3.2,6.0,6.5,2.1,4,5.5,Sí
1305,27,Femenino,2,3,Sí,30,Sí,Sí,3.75,78.1,12.4,79.9,70.8,8.0,9.6,7.5,2.9,3,0.0,Sí
1306,20,Femenino,1,1,Sí,19,No,Sí,3.43,70.0,6.7,53.6,51.2,4.7,7.2,6.9,3.2,5,5.7,No
1307,20,Femenino,8,6,No,0,Sí,Sí,3.34,65.4,3.6,68.1,62.4,1.7,6.3,9.1,2.9,5,4.0,No
1308,26,Femenino,3,3,No,0,No,Sí,2.85,40.0,12.2,39.6,34.6,6.8,4.6,7.3,3.1,8,4.2,No
1309,21,Masculino,7,2,No,0,No,Sí,3.15,74.3,4.2,85.3,94.0,3.2,6.9,7.4,3.6,8,4.3,No
1310,22,Masculino,10,3,Sí,29,No,Sí,3.62,61.9,6.4,61.8,58.5,5.7,4.6,7.4,1.4,1,5.6,No
1311,29,Femenino,8,4,No,0,Sí,Sí,3.53,80.3,4.9,78.3,97.5,1.6,7.4,7.0,2.8,2,2.1,Sí
1312,26,Masculino,6,3,Sí,38,Sí,Sí,3.45,88.5,11.2,100.0,82.3,3.6,8.8,6.5,2.9,9,1.6,Sí
1313,28,Femenino,10,2,Sí,43,No,Sí,3.39,75.1,11.7,58.3,58.0,6.5,6.4,6.9,4.0,5,2.5,No
1314,17,Masculino,9,2,No,0,No,Sí,3.81,74.2,19.9,71.4,58.1,13.8,8.0,7.1,2.6,2,6.8,Sí
1315,22,Masculino,7,2,No,0,Sí,Sí,3.4,56.6,12.4,58.7,62.0,6.6,7.2,6.7,3.9,3,4.1,No
1316,35,Masculino,10,4,Sí,17,No,Sí,4.47,83.2,18.4,80.0,84.5,16.6,7.9,8.3,2.2,3,6.0,Sí
1317,19,Femenino,5,3,Sí,16,No,Sí,3.73,83.2,5.3,66.4,75.4,2.2,5.6,8.2,2.3,4,6.0,Sí
1318,23,Masculino,8,2,Sí,15,No,Sí,3.8,71.3,20.3,74.5,62.3,6.2,6.9,5.4,3.5,3,5.8,Sí
1319,35,Femenino,2,2,No,0,No,Sí,3.79,87.4,5.0,83.8,88.1,2.1,7.7,8.0,1.8,4,6.1,Sí
1320,34,Masculino,7,3,No,0,Sí,Sí,3.27,75.2,4.1,74.1,65.4,3.4,7.3,6.8,2.3,8,4.0,No
1321,28,Masculino,4,5,No,0,Sí,Sí,3.54,82.5,12.2,92.6,93.5,4.7,8.0,6.4,2.3,4,6.3,Sí
1322,29,Femenino,9,3,Sí,34,Sí,Sí,4.05,84.9,9.2,87.4,83.0,5.4,7.5,7.7,2.4,6,5.8,Sí
1323,25,Femenino,1,6,Sí,30,No,No,3.43,61.3,8.7,56.3,43.7,4.8,4.5,7.1,3.1,1,1.8,No
1324,26,Masculino,7,3,No,0,Sí,Sí,3.97,89.4,14.1,92.5,99.7,9.9,9.0,5.7,1.9,3,5.1,Sí
1325,17,Femenino,6,2,No,0,No,Sí,3.6,83.5,5.5,80.1,77.5,1.8,7.4,7.8,4.1,4,4.7,Sí
1326,24,Masculino,8,5,Sí,33,Sí,Sí,3.91,92.3,14.5,89.9,98.4,10.1,10.0,6.7,2.6,7,5.9,Sí
1327,32,Masculino,5,3,No,0,No,Sí,3.75,92.5,9.6,98.6,100.0,4.9,9.5,7.7,3.7,10,5.1,Sí
1328,18,Masculino,1,4,No,0,No,Sí,3.53,86.2,18.1,81.0,94.2,15.5,7.7,6.8,1.6,6,4.5,Sí
1329,21,Femenino,1,6,No,0,Sí,Sí,3.83,83.3,5.1,87.8,82.7,4.1,7.8,7.8,0.7,5,8.1,Sí
1330,20,Femenino,9,1,No,0,Sí,Sí,3.69,97.2,5.3,95.3,86.0,2.9,9.5,7.9,4.8,3,6.2,Sí
1331,20,Masculino,10,2,No,0,No,Sí,4.46,85.7,26.9,81.6,93.6,24.1,8.7,8.2,3.3,6,5.1,Sí
1332,30,Femenino,6,4,No,0,Sí,Sí,3.56,86.8,13.0,82.7,83.8,4.3,9.4,6.1,3.9,2,2.8,Sí
1333,32,Masculino,10,2,No,0,Sí,Sí,4.03,77.5,8.0,72.6,86.1,6.2,9.1,9.0,5.8,1,5.2,Sí
1334,24,Masculino,5,2,Sí,35,Sí,Sí,3.76,84.6,19.0,85.3,73.5,10.6,8.4,6.6,1.9,6,3.3,Sí
1335,18,Masculino,1,1,Sí,24,No,Sí,3.86,81.5,22.1,79.3,86.1,12.4,8.7,5.4,1.2,4,1.7,Sí
1336,35,Masculino,6,1,Sí,42,No,Sí,3.48,96.0,7.4,100.0,100.0,3.0,10.0,7.0,4.9,6,4.2,Sí
1337,32,Masculino,6,4,No,0,No,Sí,3.61,86.4,11.1,79.3,78.9,6.8,8.8,6.6,4.2,1,4.3,Sí
1338,25,Masculino,3,2,Sí,40,Sí,Sí,4.08,98.3,29.2,100.0,96.8,10.2,9.6,6.1,5.2,6,7.1,Sí
1339,18,Femenino,8,3,No,0,No,Sí,2.81,68.4,6.2,77.5,66.4,4.2,7.0,6.9,6.9,3,6.9,No
1340,33,Masculino,1,3,Sí,10,No,Sí,3.85,90.7,6.4,100.0,100.0,2.9,8.3,7.7,1.7,1,6.3,Sí
1341,33,Masculino,1,3,Sí,17,No,Sí,3.75,77.1,12.1,70.6,66.7,8.9,6.4,7.2,4.8,2,4.8,Sí
1342,32,Masculino,6,1,No,0,Sí,Sí,3.01,52.4,5.0,60.6,62.7,3.3,7.0,8.4,2.6,3,4.9,No
1343,18,Masculino,10,4,Sí,28,No,Sí,3.95,96.2,11.1,97.9,100.0,8.3,9.9,6.7,4.9,2,6.1,Sí
1344,18,Masculino,1,1,Sí,34,No,Sí,3.73,88.1,10.5,96.5,91.1,7.9,9.1,7.3,7.5,5,6.3,Sí
1345,21,Femenino,6,4,Sí,41,No,Sí,3.47,82.6,4.8,77.5,74.5,2.0,8.0,7.1,3.0,4,5.7,Sí
1346,28,Masculino,1,5,No,0,Sí,Sí,3.0,47.0,8.0,46.1,44.5,2.4,5.3,9.0,2.1,4,6.0,No
1347,30,Femenino,6,3,Sí,22,Sí,Sí,3.21,55.0,28.4,52.1,48.1,14.8,5.3,5.6,1.5,5,4.9,No
1348,24,Femenino,3,3,No,0,Sí,Sí,3.92,78.1,12.9,74.5,70.9,11.0,6.0,6.1,1.0,4,4.4,Sí
1349,19,Masculino,8,3,No,0,Sí,Sí,3.63,59.1,5.4,59.4,66.4,3.5,5.3,9.3,6.2,5,0.6,No
1350,29,Femenino,6,3,Sí,15,No,Sí,3.76,82.9,9.5,100.0,100.0,7.0,9.0,6.5,6.4,5,4.3,Sí
1351,20,Masculino,1,5,Sí,17,No,Sí,3.64,86.0,18.5,91.4,92.7,15.3,7.9,4.9,5.0,7,3.6,Sí
1352,17,Femenino,5,5,Sí,13,No,Sí,4.31,90.8,10.6,88.0,95.4,9.0,6.9,9.2,2.6,4,5.2,Sí
1353,26,Masculino,8,3,No,0,Sí,Sí,3.01,57.4,13.0,55.1,53.3,8.1,5.4,5.6,4.5,4,3.6,No
1354,24,Masculino,3,3,Sí,34,Sí,No,3.73,86.5,16.2,91.0,89.0,10.1,6.6,6.9,3.5,8,5.3,Sí
1355,18,Masculino,6,5,Sí,31,Sí,Sí,4.27,79.6,27.0,78.1,74.1,21.8,7.6,8.1,1.7,6,1.3,Sí
1356,24,Masculino,5,6,No,0,Sí,Sí,3.65,86.1,12.0,84.7,77.0,9.4,10.0,7.9,5.3,4,3.1,Sí
1357,18,Masculino,6,3,No,0,No,Sí,2.72,68.2,11.7,59.3,71.7,8.4,5.3,5.7,3.9,6,3.6,No
1358,17,Masculino,10,3,Sí,32,Sí,Sí,3.52,40.9,12.9,40.5,35.5,8.5,4.9,9.7,4.3,5,2.9,No
1359,27,Masculino,1,2,Sí,13,Sí,Sí,3.89,67.4,19.1,47.2,53.3,12.8,8.8,7.4,3.5,5,10.0,No
1360,25,Femenino,7,5,No,0,No,Sí,3.29,74.4,8.3,60.3,51.9,4.3,9.0,6.7,3.2,5,0.9,No
1361,24,Femenino,9,2,No,0,No,Sí,3.48,70.3,8.0,67.5,67.9,6.4,6.8,5.6,3.6,4,6.4,No
1362,30,Masculino,2,3,No,0,No,Sí,4.6,88.5,17.7,93.8,93.8,11.9,7.8,7.4,2.6,7,7.0,Sí
1363,23,Masculino,10,2,No,0,No,Sí,3.82,76.1,20.8,89.0,80.7,9.0,7.8,8.6,4.1,2,4.1,Sí
1364,20,Femenino,5,2,No,0,Sí,Sí,3.02,43.6,17.0,46.8,43.3,7.6,4.6,6.5,8.0,4,5.7,No
1365,26,Femenino,10,3,No,0,No,Sí,3.49,84.0,14.8,88.3,77.6,12.1,9.5,4.7,3.8,5,6.2,Sí
1366,17,Femenino,4,6,No,0,No,Sí,3.97,77.9,15.2,78.8,79.0,10.2,7.9,6.0,5.3,3,5.3,Sí
1367,30,Masculino,6,1,Sí,29,No,Sí,3.8,79.3,18.2,86.0,68.4,9.8,8.4,6.4,1.7,3,1.5,Sí
1368,21,Masculino,6,3,No,0,No,Sí,3.39,65.6,10.5,67.3,66.8,4.3,5.5,5.0,4.5,1,5.8,Sí
1369,23,Masculino,2,2,Sí,43,Sí,Sí,4.13,87.5,15.2,90.5,97.0,10.1,9.6,7.4,3.9,5,6.9,Sí
1370,20,Masculino,2,2,Sí,20,No,Sí,3.49,40.0,17.7,27.5,27.4,7.3,2.5,7.7,5.1,3,9.1,No
1371,31,Femenino,4,3,No,0,Sí,Sí,3.16,80.7,7.3,82.8,75.8,4.3,7.3,5.9,2.4,6,2.2,Sí
1372,33,Femenino,1,3,Sí,42,No,Sí,4.29,89.8,25.4,90.0,83.5,17.9,9.7,7.8,4.9,5,4.7,Sí
1373,21,Masculino,9,2,No,0,No,Sí,4.05,93.9,15.9,90.6,100.0,10.2,10.0,5.7,2.1,5,4.9,Sí
1374,20,Femenino,7,3,Sí,11,No,Sí,3.18,53.8,15.5,51.1,52.7,13.2,6.2,5.2,5.3,7,4.8,No
1375,31,Masculino,7,2,No,0,No,Sí,3.0,60.9,7.0,50.2,58.6,2.3,6.0,5.5,5.5,1,1.7,No
1376,28,Masculino,3,3,No,0,No,Sí,3.2,78.0,16.8,82.3,91.7,7.8,7.8,5.8,1.7,5,7.2,Sí
1377,20,Masculino,3,6,No,0,Sí,Sí,3.58,57.4,13.4,59.2,54.8,4.5,4.6,7.7,3.6,7,7.0,No
1378,28,Femenino,1,5,Sí,24,No,Sí,4.44,87.6,20.2,88.1,78.1,8.4,8.3,7.5,2.7,6,5.8,Sí
1379,32,Masculino,3,3,Sí,19,No,Sí,3.42,89.8,7.5,91.6,98.1,2.8,6.7,5.7,3.8,2,4.1,Sí
1380,33,Femenino,3,3,No,0,Sí,Sí,3.76,91.9,6.6,81.9,73.3,4.9,10.0,6.0,3.1,5,4.6,Sí
1381,23,Femenino,4,5,Sí,38,No,Sí,4.36,87.7,14.7,100.0,94.1,7.7,10.0,8.9,2.7,4,4.4,Sí
1382,28,Masculino,4,1,No,0,No,Sí,3.78,90.4,9.9,97.9,99.0,8.5,6.7,7.8,2.2,4,2.2,Sí
1383,34,Masculino,3,4,No,0,No,Sí,3.45,74.5,13.6,79.5,76.9,4.3,5.7,5.1,6.2,3,6.4,Sí
1384,18,Femenino,10,5,Sí,18,No,Sí,3.33,45.8,8.1,57.7,34.5,5.6,6.2,8.4,2.1,1,5.0,No
1385,23,Masculino,8,2,Sí,45,No,Sí,3.25,65.3,9.2,67.0,54.7,8.1,5.6,9.5,2.3,9,6.4,No
1386,17,Femenino,8,2,Sí,18,Sí,No,3.63,49.9,23.4,47.6,57.7,9.5,6.7,6.8,1.6,8,5.5,No
1387,23,Femenino,1,6,No,0,Sí,No,4.3,90.7,15.4,92.9,92.0,8.7,10.0,6.4,4.6,6,3.0,Sí
1388,28,Masculino,7,3,Sí,45,No,Sí,3.0,60.2,29.6,72.4,79.7,21.3,5.6,6.3,5.0,10,3.1,No
1389,28,Masculino,2,1,Sí,42,No,Sí,3.68,83.0,16.1,75.8,67.7,11.0,9.4,6.4,3.7,9,7.6,Sí
1390,16,Femenino,1,2,Sí,40,No,Sí,4.12,90.3,11.8,100.0,88.9,7.5,9.0,7.7,2.0,4,6.1,Sí
1391,21,Femenino,3,3,No,0,Sí,Sí,3.77,93.0,17.3,82.1,89.4,8.6,9.2,6.0,1.3,4,4.2,Sí
1392,34,Masculino,4,4,Sí,19,Sí,Sí,3.66,47.8,16.2,52.1,65.1,12.0,5.4,7.7,4.0,3,6.1,No
1393,31,Masculino,6,4,Sí,25,Sí,Sí,3.11,67.4,12.0,75.5,66.7,8.3,7.7,6.8,4.7,4,3.3,No
1394,23,Masculino,10,6,No,0,No,Sí,3.31,65.7,11.0,70.8,81.0,4.4,7.8,6.1,2.3,4,7.2,Sí
1395,16,Femenino,5,2,No,0,No,Sí,3.26,52.7,15.2,61.0,51.3,13.4,8.1,7.2,3.1,3,2.3,No
1396,31,Femenino,4,3,No,0,No,Sí,3.33,78.3,8.8,77.3,60.9,5.6,8.3,6.5,1.4,4,5.4,Sí
1397,24,Femenino,8,3,Sí,25,Sí,Sí,3.14,58.5,7.9,48.3,54.2,4.9,7.4,6.0,2.0,5,4.7,No
1398,28,Masculino,4,3,Sí,38,Sí,Sí,3.19,83.8,3.2,92.2,82.7,2.6,9.9,6.8,3.6,5,5.0,Sí
1399,26,Masculino,10,2,No,0,No,Sí,4.05,89.6,5.9,100.0,87.9,4.1,9.8,6.8,2.9,2,6.3,Sí
1400,28,Femenino,2,6,Sí,35,Sí,Sí,3.93,79.2,25.9,77.9,66.0,8.9,7.3,6.2,3.3,6,7.0,Sí
1401,25,Masculino,3,4,No,0,No,Sí,3.41,83.7,5.0,89.2,85.7,3.0,9.7,5.8,5.3,5,4.2,Sí
1402,19,Masculino,6,3,No,0,No,Sí,4.47,60.1,31.1,53.4,36.4,23.9,6.5,6.9,1.6,1,1.0,Sí
1403,21,Masculino,8,3,Sí,38,No,Sí,4.41,92.6,17.6,85.4,91.3,12.6,7.7,7.0,3.3,5,1.6,Sí
1404,22,Femenino,8,2,No,0,No,Sí,4.73,91.9,30.4,92.7,97.5,26.9,10.0,7.3,2.1,3,4.2,Sí
1405,20,Femenino,9,3,No,0,No,Sí,4.15,69.8,33.8,63.9,68.8,10.6,5.0,7.2,2.8,6,5.1,Sí
1406,26,Masculino,7,4,Sí,10,Sí,Sí,3.74,91.1,9.9,91.9,100.0,4.5,9.9,8.4,3.5,5,5.8,Sí
1407,28,Masculino,2,3,No,0,No,Sí,3.83,94.2,9.2,100.0,100.0,5.8,8.8,5.5,1.6,2,5.4,Sí
1408,34,Femenino,8,6,Sí,21,No,Sí,3.27,74.8,1.9,69.1,60.1,1.3,7.7,8.7,2.2,6,6.8,No
1409,25,Femenino,7,3,Sí,23,Sí,Sí,3.79,91.8,7.4,94.5,100.0,3.4,7.5,5.2,2.4,4,8.6,Sí
1410,25,Masculino,8,3,Sí,34,No,No,3.13,72.8,2.2,58.7,69.8,1.7,6.4,8.3,3.7,5,5.2,No
1411,26,Masculino,3,4,No,0,Sí,Sí,3.41,98.5,2.3,100.0,100.0,0.9,9.2,7.4,5.2,7,5.7,Sí
1412,22,Masculino,7,2,No,0,Sí,Sí,3.7,85.0,5.8,79.3,88.2,1.7,8.3,6.2,1.3,3,3.5,Sí
1413,33,Femenino,10,3,No,0,Sí,Sí,3.47,90.5,8.8,92.8,91.3,7.6,8.3,3.9,2.2,5,5.1,Sí
1414,19,Masculino,9,3,Sí,16,No,No,2.61,44.6,14.1,46.7,40.3,7.5,4.9,5.0,2.8,3,5.4,No
1415,17,Masculino,3,3,No,0,No,Sí,3.24,82.8,9.2,83.9,81.6,8.0,8.9,6.0,2.8,8,5.3,Sí
1416,29,Femenino,10,4,Sí,45,No,Sí,3.55,78.3,9.3,70.7,63.8,4.3,7.3,7.3,3.7,3,3.5,Sí
1417,28,Femenino,6,3,No,0,Sí,Sí,3.82,86.4,12.2,84.1,94.1,4.1,8.7,6.2,1.6,1,5.3,Sí
1418,27,Masculino,2,4,Sí,35,No,No,3.44,72.4,9.4,74.3,76.1,7.1,7.9,6.8,2.7,6,5.2,No
1419,22,Femenino,2,3,Sí,23,No,Sí,4.59,90.3,25.6,88.4,96.6,20.5,6.3,6.3,2.4,3,5.6,Sí
1420,17,Masculino,5,3,Sí,25,No,Sí,2.74,40.6,7.4,51.8,37.3,4.4,4.6,7.0,4.3,4,4.2,No
1421,28,Masculino,5,4,No,0,Sí,Sí,2.94,62.1,9.6,62.4,57.9,3.3,5.4,5.1,3.1,6,5.0,No
1422,29,Masculino,7,2,Sí,31,Sí,Sí,3.6,82.4,13.1,74.5,64.2,9.1,5.0,6.5,2.4,3,9.4,Sí
1423,32,Femenino,2,2,No,0,Sí,Sí,3.89,72.0,12.9,75.4,59.1,5.3,6.7,7.4,5.5,4,5.1,Sí
1424,24,Masculino,7,3,Sí,28,No,Sí,3.96,72.8,8.5,53.3,56.3,6.9,6.1,9.8,2.3,6,7.1,Sí
1425,32,Femenino,5,2,Sí,11,No,Sí,3.5,64.1,11.6,79.8,69.2,5.4,5.8,7.8,2.0,4,7.9,No
1426,23,Femenino,6,1,No,0,No,Sí,3.9,82.9,7.7,69.1,65.4,6.2,8.8,6.6,4.0,2,2.1,Sí
1427,17,Femenino,8,4,No,0,No,No,3.47,63.4,12.2,70.5,60.8,6.8,7.4,6.0,2.4,2,4.6,Sí
1428,28,Femenino,10,3,No,0,No,Sí,4.42,93.8,18.4,99.7,95.6,12.1,10.0,7.3,3.1,1,4.7,Sí
1429,18,Femenino,4,3,Sí,25,No,Sí,3.27,81.3,9.4,72.3,78.2,7.2,9.8,5.8,7.1,4,9.0,Sí
1430,31,Masculino,7,6,Sí,34,No,Sí,4.09,92.4,11.5,96.8,87.3,3.7,8.0,7.0,2.4,6,8.8,Sí
1431,21,Masculino,6,3,Sí,27,Sí,Sí,3.69,57.5,8.6,52.0,47.5,6.8,7.2,7.2,1.9,4,2.1,No
1432,34,Femenino,10,5,No,0,Sí,Sí,3.09,40.0,7.4,38.7,44.0,2.8,2.5,6.6,2.7,2,3.0,No
1433,22,Masculino,2,2,No,0,No,Sí,3.31,49.3,12.8,53.1,59.9,6.6,6.2,8.0,2.6,5,7.5,No
1434,25,Femenino,8,3,No,0,No,Sí,3.93,97.3,4.4,96.9,93.0,2.6,10.0,6.7,4.4,5,4.0,Sí
1435,24,Femenino,10,5,No,0,Sí,No,3.3,81.4,6.8,73.4,76.3,5.7,8.3,6.3,1.5,8,6.3,No
1436,17,Masculino,9,3,Sí,13,No,Sí,3.6,97.3,20.1,100.0,100.0,6.3,8.7,6.2,10.0,3,4.6,Sí
1437,30,Femenino,5,4,No,0,No,Sí,3.26,72.3,4.7,70.6,60.1,3.0,8.7,5.3,2.1,5,2.9,No
1438,20,Masculino,10,3,No,0,No,Sí,4.1,86.8,17.0,86.0,78.8,11.7,7.5,5.1,3.9,3,7.6,Sí
1439,19,Masculino,4,2,No,0,No,Sí,3.71,71.5,17.0,71.1,67.3,8.3,7.1,7.5,4.8,4,3.5,Sí
1440,35,Masculino,6,3,Sí,35,No,Sí,3.57,48.3,10.1,37.5,42.0,4.8,4.9,8.6,3.3,7,4.7,No
1441,19,Masculino,8,3,Sí,45,No,Sí,3.46,74.4,9.6,65.4,67.3,5.7,5.4,9.4,4.1,4,2.7,No
1442,33,Femenino,3,5,Sí,43,Sí,Sí,3.79,95.4,8.6,90.7,91.4,3.5,9.7,8.1,3.1,9,2.8,Sí
1443,19,Femenino,10,2,Sí,18,No,Sí,3.49,74.6,13.3,77.9,67.6,7.7,6.1,7.4,4.1,3,5.1,Sí
1444,32,Femenino,1,6,Sí,21,No,Sí,3.4,78.5,8.4,71.1,79.8,6.4,9.6,7.2,2.4,4,3.1,Sí
1445,27,Masculino,4,5,Sí,11,No,Sí,3.68,58.9,14.2,68.4,63.4,11.4,9.1,8.4,2.2,4,8.0,No
1446,32,Masculino,4,2,No,0,No,Sí,3.39,51.6,5.7,53.3,50.6,3.0,4.3,6.4,1.2,4,6.4,No
1447,25,Femenino,1,3,Sí,14,Sí,Sí,4.31,71.2,19.6,74.2,76.1,13.2,6.7,9.0,3.7,7,6.6,Sí
1448,16,Masculino,9,5,Sí,14,No,Sí,4.26,91.0,14.7,88.4,100.0,4.4,9.3,6.8,2.5,5,4.4,Sí
1449,33,Femenino,3,6,Sí,31,Sí,Sí,3.7,98.3,1.0,85.5,79.1,0.6,7.4,7.1,3.6,5,4.5,Sí
1450,33,Femenino,5,3,No,0,No,Sí,4.3,92.6,19.2,96.9,90.0,17.0,10.0,6.8,2.6,1,5.9,Sí
1451,29,Femenino,6,3,No,0,No,Sí,3.96,75.2,18.4,69.5,65.7,9.0,7.1,8.2,5.6,4,0.0,Sí
1452,30,Femenino,8,3,No,0,No,Sí,3.25,58.9,21.0,47.0,58.6,13.8,5.4,6.8,2.8,5,4.1,No
1453,27,Masculino,6,4,Sí,38,No,Sí,4.29,89.1,15.4,82.4,83.9,11.7,9.7,7.3,2.2,9,1.4,Sí
1454,19,Femenino,3,2,No,0,No,Sí,3.3,82.0,15.6,81.3,85.1,10.4,8.3,5.3,2.5,2,5.5,Sí
1455,18,Masculino,6,4,Sí,36,Sí,Sí,3.07,62.6,4.5,43.5,51.6,2.5,6.5,6.6,3.9,2,2.7,No
1456,35,Femenino,1,1,Sí,19,No,Sí,3.42,95.1,4.3,92.4,100.0,1.7,10.0,8.1,10.0,6,4.8,Sí
1457,27,Masculino,4,1,Sí,25,Sí,Sí,3.92,82.8,17.6,90.8,84.1,10.2,8.1,5.8,6.0,2,3.2,Sí
1458,22,Femenino,6,3,Sí,19,No,Sí,4.04,91.5,12.9,91.8,97.0,6.2,7.8,6.8,1.6,5,7.9,Sí
1459,26,Femenino,7,3,Sí,15,Sí,Sí,3.54,84.3,2.0,93.9,100.0,1.5,9.9,6.8,3.4,3,9.5,Sí
1460,16,Masculino,10,3,No,0,No,Sí,2.25,40.0,12.4,36.8,38.8,7.0,3.3,6.1,2.0,6,6.8,No
1461,21,Masculino,3,3,No,0,No,Sí,3.4,72.2,4.4,81.4,73.2,3.6,6.6,8.0,2.5,5,6.9,Sí
1462,30,Femenino,9,3,Sí,34,No,Sí,3.3,92.8,3.1,82.1,71.9,1.3,9.6,7.4,2.6,10,4.9,Sí
1463,30,Masculino,7,2,No,0,No,Sí,4.3,72.0,30.1,76.8,81.3,16.6,5.6,7.9,2.9,6,3.7,Sí
1464,34,Masculino,1,3,Sí,41,No,Sí,3.33,73.8,5.5,72.9,61.4,3.5,7.7,8.1,4.7,6,1.1,Sí
1465,26,Masculino,2,6,Sí,44,No,Sí,3.46,90.9,1.6,100.0,91.9,0.6,10.0,6.8,2.6,7,5.4,Sí
1466,17,Masculino,1,3,No,0,No,Sí,2.94,64.9,3.1,61.6,56.7,2.0,8.4,8.7,3.3,7,4.4,No
1467,29,Femenino,9,3,No,0,No,Sí,3.82,82.3,19.7,73.8,76.6,9.3,9.1,5.3,3.0,3,5.4,Sí
1468,17,Masculino,9,3,Sí,45,No,Sí,4.03,90.9,4.8,95.0,100.0,2.1,10.0,6.6,2.1,5,3.6,Sí
1469,19,Masculino,7,6,Sí,15,No,Sí,4.73,93.9,17.4,100.0,92.9,6.7,8.6,7.0,2.3,3,2.0,Sí
1470,32,Masculino,10,2,No,0,No,Sí,3.74,79.2,13.7,81.0,68.1,7.0,8.9,4.7,2.2,5,2.7,Sí
1471,18,Masculino,3,4,No,0,No,Sí,3.7,96.7,12.7,96.3,100.0,10.9,9.4,8.5,4.2,6,8.1,Sí
1472,28,Masculino,5,4,No,0,No,Sí,3.09,84.6,4.9,74.8,81.6,1.6,9.8,5.8,2.5,9,8.9,Sí
1473,24,Masculino,4,3,Sí,34,No,No,3.17,87.1,9.4,94.6,99.3,7.6,8.8,6.9,7.3,10,1.9,Sí
1474,22,Masculino,7,2,Sí,40,Sí,Sí,3.48,62.0,9.4,61.5,65.3,5.1,7.5,7.7,2.0,4,3.7,No
1475,30,Masculino,9,4,Sí,26,No,Sí,4.54,88.6,9.3,94.2,90.2,5.9,9.1,9.6,2.0,4,1.5,Sí
1476,26,Femenino,2,1,Sí,39,No,Sí,3.55,82.7,19.4,84.3,82.5,11.8,7.3,4.8,1.8,9,5.1,Sí
1477,35,Masculino,8,3,No,0,No,Sí,3.22,58.3,9.2,74.6,75.3,7.9,5.9,7.5,2.8,1,5.2,No
1478,17,Femenino,9,4,No,0,No,Sí,3.59,59.4,15.9,55.0,46.5,12.1,5.5,6.5,2.3,8,4.8,No
1479,30,Masculino,10,2,Sí,28,Sí,Sí,3.82,79.9,11.7,75.8,79.6,10.4,9.5,7.6,2.5,7,4.0,Sí
1480,29,Masculino,10,4,No,0,Sí,Sí,3.72,81.5,4.8,89.6,90.8,3.7,6.5,7.9,5.0,4,5.5,No
1481,35,Femenino,9,1,No,0,No,Sí,3.95,65.9,15.3,74.2,72.8,7.3,4.6,7.3,2.8,2,6.3,Sí
1482,26,Masculino,10,4,Sí,10,No,Sí,3.93,84.8,16.6,93.3,100.0,14.6,8.8,6.9,2.5,4,6.4,Sí
1483,18,Femenino,7,3,No,0,No,Sí,3.35,91.9,8.1,91.8,90.8,7.2,8.8,5.5,3.5,2,7.4,Sí
1484,32,Femenino,9,2,No,0,No,Sí,3.49,80.6,13.3,82.2,88.8,5.0,6.7,5.6,3.3,6,4.3,Sí
1485,27,Masculino,9,2,No,0,No,Sí,4.04,87.5,16.1,76.8,64.9,13.6,8.7,7.8,4.4,3,3.8,Sí
1486,30,Femenino,3,5,Sí,35,No,Sí,4.51,87.6,35.0,86.3,94.7,24.4,9.1,5.8,4.6,3,6.9,Sí
1487,31,Femenino,4,1,No,0,No,Sí,4.06,86.4,7.9,88.6,94.6,6.8,10.0,7.3,3.8,4,3.9,Sí
1488,20,Masculino,2,2,No,0,No,Sí,3.97,75.4,14.7,77.6,99.2,12.5,5.3,8.4,4.8,3,4.6,Sí
1489,35,Masculino,10,3,Sí,10,No,Sí,3.75,83.0,8.8,76.9,93.0,7.3,8.5,5.2,2.1,8,3.9,Sí
1490,21,Masculino,3,3,Sí,17,Sí,Sí,4.51,97.1,15.5,88.3,97.7,12.9,10.0,8.4,2.8,3,8.4,Sí
1491,34,Femenino,5,3,No,0,No,Sí,3.62,76.6,9.6,85.0,79.6,3.5,9.6,8.3,3.2,5,6.2,Sí
1492,20,Femenino,5,2,Sí,30,No,Sí,3.43,95.4,4.9,100.0,91.1,1.9,9.7,7.2,3.1,4,2.7,Sí
1493,18,Femenino,6,2,No,0,No,Sí,2.83,75.8,4.2,74.0,66.7,1.5,6.9,6.1,10.0,6,5.0,No
1494,16,Femenino,7,2,No,0,No,Sí,3.57,68.1,19.5,76.4,81.5,6.9,6.5,7.4,5.2,1,5.8,Sí
1495,21,Masculino,7,2,Sí,28,No,Sí,3.6,87.4,2.8,94.9,100.0,1.4,7.6,6.6,5.1,1,2.8,Sí
1496,30,Masculino,1,3,Sí,38,Sí,Sí,3.73,89.9,16.1,76.5,64.4,11.4,8.5,6.0,2.6,8,5.7,Sí
1497,17,Femenino,2,4,No,0,No,Sí,3.44,68.3,8.2,67.5,59.0,4.2,6.9,7.0,2.9,1,4.7,No
1498,18,Masculino,9,2,Sí,21,Sí,Sí,3.22,55.2,16.8,65.9,66.3,12.3,6.1,5.7,4.4,4,2.5,No
1499,32,Femenino,10,3,No,0,No,Sí,3.58,81.6,17.6,68.9,57.6,13.9,9.2,5.4,6.4,5,2.3,Sí
1500,27,Masculino,2,3,No,0,No,Sí,3.55,92.4,8.9,80.8,76.6,6.2,9.1,6.1,2.0,9,7.7,Sí
